Raw EMG - Pod01,Raw EMG - Pod02,Raw EMG - Pod03,Raw EMG - Pod04,Raw EMG - Pod05,Raw EMG - Pod06,Raw EMG - Pod07,Raw EMG - Pod08,Timestamp
-4,-8,-10,-2,-8,-22,-4,-1,2020-10-07 17:17:01.106
2,22,4,-4,-4,-3,-5,-2,2020-10-07 17:17:01.134
-13,-15,8,10,6,2,2,-3,2020-10-07 17:17:01.146
13,30,32,-5,2,6,3,1,2020-10-07 17:17:01.154
3,12,24,6,3,16,-1,3,2020-10-07 17:17:01.167
-2,-3,5,25,16,8,10,5,2020-10-07 17:17:01.175
10,15,17,-14,2,1,2,2,2020-10-07 17:17:01.229
12,33,12,7,3,2,0,1,2020-10-07 17:17:01.259
6,15,6,-18,-14,-8,-3,-2,2020-10-07 17:17:01.279
0,-1,-8,0,-4,-2,6,-1,2020-10-07 17:17:01.300
17,16,17,2,3,-2,1,1,2020-10-07 17:17:01.321
-1,2,-1,-16,0,3,-1,2,2020-10-07 17:17:01.342
-13,-33,-25,1,-4,-3,-3,0,2020-10-07 17:17:01.364
-2,3,0,34,12,2,7,1,2020-10-07 17:17:01.421
14,39,55,1,8,5,15,8,2020-10-07 17:17:01.482
7,17,12,19,-4,-6,-16,-4,2020-10-07 17:17:01.605
8,8,-4,-7,-5,-2,4,-1,2020-10-07 17:17:01.685
-7,6,2,-8,2,5,5,5,2020-10-07 17:17:01.800
8,-2,-27,-4,-4,-3,-5,0,2020-10-07 17:17:01.865
-4,5,-19,-13,-11,-17,-11,-8,2020-10-07 17:17:01.963
-11,-2,-14,-18,-15,40,-15,-10,2020-10-07 17:17:02.022
10,1,3,0,-1,-4,-2,2,2020-10-07 17:17:02.088
-18,-2,13,-3,-3,0,2,12,2020-10-07 17:17:02.126
3,-1,-1,-3,0,1,2,1,2020-10-07 17:17:02.167
3,-1,-1,-3,0,1,2,1,2020-10-07 17:17:02.184
-2,2,4,-2,-4,2,0,-2,2020-10-07 17:17:02.301
7,3,-1,1,-3,12,-20,-1,2020-10-07 17:17:02.361
3,-16,-18,-9,-5,-51,-17,-3,2020-10-07 17:17:02.383
1,-13,7,9,5,21,4,0,2020-10-07 17:17:02.402
-20,-11,5,6,7,2,7,-11,2020-10-07 17:17:02.418
-7,-20,-12,0,0,3,13,-5,2020-10-07 17:17:02.437
14,2,-2,0,-3,-20,1,13,2020-10-07 17:17:02.451
2,-3,-12,-5,4,-14,-6,-6,2020-10-07 17:17:02.466
-2,0,-19,-21,-4,28,-12,-17,2020-10-07 17:17:02.483
-1,13,24,10,1,7,7,3,2020-10-07 17:17:02.499
0,-2,-2,-4,-3,7,-12,-2,2020-10-07 17:17:02.513
-8,-29,-9,4,6,7,5,7,2020-10-07 17:17:02.525
4,12,2,-3,-4,-7,-8,-3,2020-10-07 17:17:02.541
6,18,-3,3,1,5,0,-2,2020-10-07 17:17:02.556
5,21,17,-15,-5,9,1,-1,2020-10-07 17:17:02.572
4,1,20,-3,2,2,2,1,2020-10-07 17:17:02.584
-1,-11,-6,0,-8,-5,-4,-1,2020-10-07 17:17:02.601
8,26,16,7,-1,7,8,8,2020-10-07 17:17:02.613
-8,-35,-45,4,-5,-4,-10,-9,2020-10-07 17:17:02.624
6,17,4,-6,-3,-4,-7,-8,2020-10-07 17:17:02.647
6,17,4,-6,-3,-4,-7,-8,2020-10-07 17:17:02.665
-16,0,-43,-14,-8,-6,-6,-8,2020-10-07 17:17:02.680
-3,4,30,-4,-1,-3,-3,-2,2020-10-07 17:17:02.694
9,27,15,3,4,3,1,-1,2020-10-07 17:17:02.747
3,-7,-23,-3,-3,-2,1,2,2020-10-07 17:17:02.810
10,9,9,-12,-8,1,-2,8,2020-10-07 17:17:02.872
16,3,2,-1,0,0,15,16,2020-10-07 17:17:02.894
3,-4,1,1,0,-1,1,3,2020-10-07 17:17:02.920
12,-1,0,0,1,2,5,8,2020-10-07 17:17:02.943
-8,-9,9,-6,-3,-5,-4,-2,2020-10-07 17:17:02.969
-5,-5,-32,3,2,9,3,-6,2020-10-07 17:17:02.985
-4,0,1,-3,-2,2,-1,-1,2020-10-07 17:17:03.125
-12,-8,12,7,-1,-4,-6,-10,2020-10-07 17:17:03.299
8,14,10,-1,-1,-10,-12,1,2020-10-07 17:17:03.415
7,23,0,0,-3,-4,0,1,2020-10-07 17:17:03.501
-23,-62,-6,5,2,1,0,2,2020-10-07 17:17:03.596
-17,-31,-10,-6,-5,0,0,-2,2020-10-07 17:17:03.683
15,14,-8,-4,-1,-1,0,1,2020-10-07 17:17:03.780
-3,1,-14,1,0,-2,-1,-3,2020-10-07 17:17:03.878
1,-5,-13,2,-1,-2,-3,-4,2020-10-07 17:17:03.980
-2,2,5,-7,-1,0,3,4,2020-10-07 17:17:04.073
-8,-22,-11,1,0,-1,-2,-3,2020-10-07 17:17:04.155
-6,-4,-5,-4,-3,-2,0,-3,2020-10-07 17:17:04.254
3,11,-4,0,-3,-4,-2,-1,2020-10-07 17:17:04.335
6,18,11,2,-2,-1,2,-2,2020-10-07 17:17:04.430
3,14,2,0,0,4,-1,2,2020-10-07 17:17:04.523
-13,-23,11,3,1,-4,-1,-2,2020-10-07 17:17:04.607
9,18,37,7,0,0,1,0,2020-10-07 17:17:04.715
2,2,-3,-2,-2,-1,-2,0,2020-10-07 17:17:04.801
-10,-17,-3,0,2,0,0,0,2020-10-07 17:17:04.891
7,17,-1,-5,-3,4,1,3,2020-10-07 17:17:04.996
-1,-11,-1,1,-1,-3,-1,-1,2020-10-07 17:17:05.088
-1,4,0,-1,0,1,-1,-2,2020-10-07 17:17:05.169
1,4,-5,5,1,-1,-2,-3,2020-10-07 17:17:05.269
11,64,25,7,7,10,15,31,2020-10-07 17:17:05.373
2,-5,-2,0,-2,-3,-6,-18,2020-10-07 17:17:05.724
-10,-61,-24,72,1,2,4,-5,2020-10-07 17:17:06.107
-16,-9,-3,-120,-19,-8,-13,-17,2020-10-07 17:17:06.268
-12,16,24,8,46,-81,-6,-16,2020-10-07 17:17:06.374
-1,-17,-1,2,-1,5,10,-6,2020-10-07 17:17:06.461
-7,-20,20,3,-5,7,-5,-12,2020-10-07 17:17:06.576
-8,15,-15,2,-6,-8,-12,-13,2020-10-07 17:17:06.661
-8,-2,0,12,-5,-1,-8,-10,2020-10-07 17:17:06.762
7,32,2,1,-2,-1,-4,-1,2020-10-07 17:17:06.883
5,-9,-3,-2,5,0,1,2,2020-10-07 17:17:06.979
-2,-9,14,5,-12,-1,-2,-1,2020-10-07 17:17:07.078
5,13,-27,-2,-4,-3,7,2,2020-10-07 17:17:07.156
-6,-7,26,-3,22,-19,-13,-3,2020-10-07 17:17:07.249
3,12,-10,-16,1,7,5,0,2020-10-07 17:17:07.349
1,11,8,3,15,6,5,3,2020-10-07 17:17:07.429
-10,-1,-6,0,-4,-7,-6,-4,2020-10-07 17:17:07.519
-4,-6,-10,-4,-7,-8,-9,2,2020-10-07 17:17:07.611
-3,3,-1,-2,-3,-16,-11,0,2020-10-07 17:17:07.696
8,18,73,37,2,-3,6,9,2020-10-07 17:17:07.780
6,-8,5,1,-1,-1,6,7,2020-10-07 17:17:07.884
22,59,10,3,3,5,4,8,2020-10-07 17:17:07.963
9,47,53,22,4,-6,-4,0,2020-10-07 17:17:08.056
-4,-15,-7,-22,-3,0,-3,-6,2020-10-07 17:17:08.253
-6,17,-2,18,8,-1,-1,0,2020-10-07 17:17:08.504
1,13,6,-2,10,3,-3,0,2020-10-07 17:17:08.682
1,10,-10,-7,-2,3,1,-2,2020-10-07 17:17:08.823
2,-60,-22,5,-1,-2,5,10,2020-10-07 17:17:08.922
5,0,-8,-7,-4,-2,-3,0,2020-10-07 17:17:09.016
10,36,6,1,1,2,3,5,2020-10-07 17:17:09.105
-6,-41,-10,5,0,0,2,5,2020-10-07 17:17:09.218
-31,-10,-7,-1,3,1,1,3,2020-10-07 17:17:09.327
-10,13,10,2,0,1,1,-6,2020-10-07 17:17:09.426
7,23,3,-7,0,1,-2,-2,2020-10-07 17:17:09.575
75,12,61,-8,-22,-25,57,127,2020-10-07 17:17:09.697
21,127,-69,-27,-69,-66,81,-49,2020-10-07 17:17:09.837
-128,120,86,103,126,-100,86,-111,2020-10-07 17:17:09.922
73,-15,-32,-43,7,36,27,47,2020-10-07 17:17:10.009
78,32,-32,-38,7,3,56,97,2020-10-07 17:17:10.108
37,-5,29,-16,-6,12,-11,-100,2020-10-07 17:17:10.218
-15,1,2,4,-42,-6,18,65,2020-10-07 17:17:10.302
83,16,-8,-6,-19,19,13,22,2020-10-07 17:17:10.392
-43,-4,-23,39,-56,23,-5,-78,2020-10-07 17:17:10.486
39,-4,-20,-87,6,22,35,60,2020-10-07 17:17:10.590
1,-4,-13,-70,19,1,-22,-56,2020-10-07 17:17:10.676
-2,-7,21,14,32,9,0,11,2020-10-07 17:17:10.769
-10,-36,0,6,5,6,5,-1,2020-10-07 17:17:10.858
-1,-56,-33,-10,0,1,-2,5,2020-10-07 17:17:10.987
1,23,38,8,-4,-3,-6,-8,2020-10-07 17:17:11.080
-4,-48,-77,17,0,1,1,2,2020-10-07 17:17:11.185
-4,-21,-16,5,0,-1,-2,4,2020-10-07 17:17:11.269
-1,-19,-13,6,5,1,2,4,2020-10-07 17:17:11.383
0,4,12,1,-18,-8,0,5,2020-10-07 17:17:11.491
-4,20,11,0,-10,-1,-4,-6,2020-10-07 17:17:11.594
-34,-5,-6,-5,-2,2,1,1,2020-10-07 17:17:11.690
-8,-11,1,3,2,-5,-6,-10,2020-10-07 17:17:11.789
7,-48,-7,-14,-5,-1,3,4,2020-10-07 17:17:11.872
4,-37,-5,-5,-26,10,4,-3,2020-10-07 17:17:11.962
7,-23,-18,-5,1,6,10,12,2020-10-07 17:17:12.056
5,-54,-54,126,-1,5,4,3,2020-10-07 17:17:12.157
6,0,-15,30,-1,3,1,3,2020-10-07 17:17:12.245
-19,-79,-14,9,-2,1,-9,-14,2020-10-07 17:17:12.349
24,32,19,6,5,10,20,28,2020-10-07 17:17:12.434
33,17,25,15,-4,14,27,40,2020-10-07 17:17:12.513
-11,97,-57,2,-22,-46,-37,-12,2020-10-07 17:17:12.603
71,-26,-55,-23,32,88,116,127,2020-10-07 17:17:12.690
-35,-19,67,14,-18,-91,-84,-72,2020-10-07 17:17:12.792
-85,-110,-27,-22,-2,9,-59,-128,2020-10-07 17:17:12.892
-128,-43,-5,9,-24,-97,-113,-128,2020-10-07 17:17:13.000
47,36,8,1,-13,17,5,43,2020-10-07 17:17:13.111
73,-15,-78,-36,11,36,80,89,2020-10-07 17:17:13.192
29,28,18,-4,-9,9,13,3,2020-10-07 17:17:13.299
-3,20,-2,0,1,5,-7,-22,2020-10-07 17:17:13.409
7,20,2,7,0,1,2,-7,2020-10-07 17:17:13.494
0,-1,4,-3,-2,2,11,14,2020-10-07 17:17:13.575
-16,-14,-12,9,14,1,-9,-25,2020-10-07 17:17:13.669
-5,18,4,-4,3,-2,-11,-11,2020-10-07 17:17:13.794
-7,17,-2,-4,1,1,2,-6,2020-10-07 17:17:13.875
2,14,8,-1,-3,0,-3,-1,2020-10-07 17:17:13.979
6,-7,-18,-6,-10,2,4,3,2020-10-07 17:17:14.073
-1,0,-14,0,7,4,5,4,2020-10-07 17:17:14.156
4,10,6,-7,3,2,0,3,2020-10-07 17:17:14.270
-7,-5,-2,0,-1,-4,-4,-10,2020-10-07 17:17:14.358
7,-6,-15,-5,-5,2,2,6,2020-10-07 17:17:14.462
-6,-8,17,9,1,-1,-7,-10,2020-10-07 17:17:14.548
5,11,4,-5,-6,-3,4,5,2020-10-07 17:17:14.634
-3,-3,-6,-2,5,-2,-2,-6,2020-10-07 17:17:14.731
21,12,-12,-5,-2,-2,-2,10,2020-10-07 17:17:14.818
-10,-5,13,-5,-4,0,2,-3,2020-10-07 17:17:14.901
-1,3,7,-1,1,0,-4,-2,2020-10-07 17:17:15.010
-8,2,4,10,15,-5,-7,-11,2020-10-07 17:17:15.087
0,1,-9,-4,-2,-3,0,6,2020-10-07 17:17:15.181
-6,-5,4,2,-5,-3,-4,-8,2020-10-07 17:17:15.280
-3,0,29,2,-14,-6,-3,-4,2020-10-07 17:17:15.365
2,-2,-9,-2,1,0,5,7,2020-10-07 17:17:15.450
15,5,4,1,-2,-2,0,8,2020-10-07 17:17:15.558
-2,-20,-16,-2,-1,4,3,5,2020-10-07 17:17:15.651
3,-9,-7,-2,-3,-2,-4,0,2020-10-07 17:17:15.758
7,-1,7,0,-5,2,4,11,2020-10-07 17:17:15.853
1,1,-4,-2,8,3,1,5,2020-10-07 17:17:15.959
5,1,3,4,2,-1,2,4,2020-10-07 17:17:16.062
-2,-128,-7,-8,-1,0,-2,1,2020-10-07 17:17:16.147
8,-8,-9,-2,-1,-2,2,2,2020-10-07 17:17:16.231
-7,-6,-6,-2,-2,-1,-5,-6,2020-10-07 17:17:16.316
-3,-12,-7,0,1,0,2,-2,2020-10-07 17:17:16.395
-2,1,-2,6,0,-1,1,-2,2020-10-07 17:17:16.478
4,14,6,0,0,4,6,1,2020-10-07 17:17:16.585
1,-5,-6,2,1,1,4,2,2020-10-07 17:17:16.667
2,7,4,-2,2,3,0,-1,2020-10-07 17:17:16.764
-3,-2,1,5,4,0,1,3,2020-10-07 17:17:16.864
-9,2,1,-7,-4,-9,-6,-12,2020-10-07 17:17:16.950
3,6,-3,2,1,3,0,0,2020-10-07 17:17:17.039
-1,3,-10,-5,0,1,4,6,2020-10-07 17:17:17.135
6,-3,-3,-5,-2,4,6,0,2020-10-07 17:17:17.217
-76,-52,9,-3,-10,-16,-53,-75,2020-10-07 17:17:17.304
0,52,-17,-1,11,15,48,109,2020-10-07 17:17:17.396
-46,37,-10,40,-49,22,-16,-17,2020-10-07 17:17:17.487
50,44,-78,38,37,6,43,57,2020-10-07 17:17:17.566
-90,-5,116,39,-22,-50,-4,-51,2020-10-07 17:17:17.649
38,28,-52,-77,-26,-10,-55,-117,2020-10-07 17:17:17.733
-35,20,-9,-61,-27,-16,-10,39,2020-10-07 17:17:17.819
34,9,-57,-85,-13,2,3,4,2020-10-07 17:17:17.924
-19,-2,4,-46,13,5,9,30,2020-10-07 17:17:18.008
-31,1,9,4,10,-6,6,28,2020-10-07 17:17:18.092
-10,11,29,15,-22,0,-17,-53,2020-10-07 17:17:18.180
15,6,-18,-29,-18,-14,-20,-40,2020-10-07 17:17:18.262
-36,-9,34,18,-28,-18,-12,-1,2020-10-07 17:17:18.362
-11,6,-25,30,27,13,12,15,2020-10-07 17:17:18.455
-23,-26,8,3,-18,-4,1,19,2020-10-07 17:17:18.533
-6,-2,9,5,1,-1,-11,-23,2020-10-07 17:17:18.623
-11,-11,-11,3,-22,-9,-4,-4,2020-10-07 17:17:18.713
2,-15,-3,17,-2,48,21,-3,2020-10-07 17:17:18.802
6,17,8,-21,-21,-19,-15,-1,2020-10-07 17:17:18.900
20,80,17,9,-10,-4,-3,-3,2020-10-07 17:17:18.994
-20,-11,30,-22,-22,-1,5,-2,2020-10-07 17:17:19.090
11,13,22,1,-5,-3,2,4,2020-10-07 17:17:19.171
-29,-23,-12,-20,6,0,-7,-16,2020-10-07 17:17:19.251
9,-5,-12,11,-1,-1,-2,1,2020-10-07 17:17:19.341
-17,-36,-16,-11,19,2,2,-1,2020-10-07 17:17:19.424
-7,-10,-11,-10,-7,16,-4,-11,2020-10-07 17:17:19.520
-15,13,10,-3,-9,-7,-8,-18,2020-10-07 17:17:19.621
-13,-14,-4,-14,-9,-7,-4,-2,2020-10-07 17:17:19.702
17,2,3,-7,-3,3,11,21,2020-10-07 17:17:19.796
13,23,-16,-2,-3,2,4,11,2020-10-07 17:17:19.876
2,-2,3,4,-2,-2,3,5,2020-10-07 17:17:19.963
20,26,-5,-1,8,11,14,10,2020-10-07 17:17:20.066
3,8,3,-1,-1,8,2,0,2020-10-07 17:17:20.159
-9,-2,9,2,-1,-3,4,-1,2020-10-07 17:17:20.249
-4,17,2,-6,-6,-5,-8,-9,2020-10-07 17:17:20.332
4,4,-11,-1,-1,-2,4,4,2020-10-07 17:17:20.418
24,17,13,3,-1,-7,-5,-2,2020-10-07 17:17:20.526
-2,1,6,-7,1,-7,-5,-5,2020-10-07 17:17:20.614
-7,-16,4,0,-3,-3,-6,-4,2020-10-07 17:17:20.708
0,-3,7,1,-1,0,1,1,2020-10-07 17:17:20.803
11,9,3,-1,-9,-3,-3,4,2020-10-07 17:17:20.887
-8,-5,-2,0,-1,-1,0,-4,2020-10-07 17:17:20.992
4,0,-3,-4,-1,-1,-3,2,2020-10-07 17:17:21.092
3,-1,-6,-3,0,3,-2,5,2020-10-07 17:17:21.177
-6,6,-9,-3,11,8,0,-2,2020-10-07 17:17:21.267
0,-15,-6,-6,17,7,7,9,2020-10-07 17:17:21.361
9,3,-4,-12,-3,3,4,7,2020-10-07 17:17:21.437
1,-27,-4,-9,-1,3,6,7,2020-10-07 17:17:21.528
40,18,11,50,5,9,-1,-6,2020-10-07 17:17:21.620
-29,29,4,-15,4,-12,-8,-13,2020-10-07 17:17:21.721
44,-27,19,68,74,92,14,28,2020-10-07 17:17:21.812
-71,-9,-18,-24,7,-18,-19,-47,2020-10-07 17:17:21.895
-14,9,15,-99,-67,-51,-10,-12,2020-10-07 17:17:21.986
-48,-6,4,-28,-42,-72,-12,16,2020-10-07 17:17:22.076
-17,-19,-11,-33,-2,17,10,-10,2020-10-07 17:17:22.156
33,9,8,0,10,-20,-1,3,2020-10-07 17:17:22.244
19,-4,12,46,-6,11,-4,8,2020-10-07 17:17:22.330
30,-13,-36,4,8,-8,0,20,2020-10-07 17:17:22.410
3,5,-10,-18,-6,16,4,-5,2020-10-07 17:17:22.498
20,-3,6,-2,5,0,-2,7,2020-10-07 17:17:22.590
-16,-7,21,30,3,-3,-5,-8,2020-10-07 17:17:22.681
-6,-24,-10,-15,-4,-2,5,2,2020-10-07 17:17:22.773
-1,-2,-29,-24,17,34,21,1,2020-10-07 17:17:22.862
-5,-31,-1,7,-5,0,2,-1,2020-10-07 17:17:22.950
-12,-19,-1,1,2,4,6,-3,2020-10-07 17:17:23.034
6,19,1,-6,-22,1,0,-1,2020-10-07 17:17:23.122
5,20,-15,-12,-1,-1,4,4,2020-10-07 17:17:23.221
4,9,0,-2,-6,1,2,5,2020-10-07 17:17:23.307
-7,-33,-16,-2,-2,-12,-5,-1,2020-10-07 17:17:23.393
5,1,3,-2,0,3,4,9,2020-10-07 17:17:23.495
-3,1,-1,-7,-10,-1,1,-2,2020-10-07 17:17:23.578
-5,-5,-12,0,-1,-2,1,3,2020-10-07 17:17:23.671
-2,-11,-2,3,7,1,-4,-1,2020-10-07 17:17:23.746
1,10,11,-4,1,-1,-5,-5,2020-10-07 17:17:23.833
6,12,-2,1,2,0,0,2,2020-10-07 17:17:23.927
0,-2,0,-1,-6,-3,-2,-2,2020-10-07 17:17:24.010
7,8,-3,-7,-5,2,2,6,2020-10-07 17:17:24.096
2,9,0,-4,-2,0,3,-1,2020-10-07 17:17:24.204
1,-4,-2,4,2,1,2,3,2020-10-07 17:17:24.281
-3,-2,4,4,1,-1,1,1,2020-10-07 17:17:24.371
-6,8,4,1,-3,-3,-5,-5,2020-10-07 17:17:24.473
2,3,-1,4,-1,-2,-3,-2,2020-10-07 17:17:24.550
-3,-2,2,-3,-2,-2,-6,-3,2020-10-07 17:17:24.640
-5,-6,-2,-3,-2,-3,-2,-6,2020-10-07 17:17:24.736
-3,-3,1,3,0,-4,-4,-5,2020-10-07 17:17:24.821
4,2,1,1,5,-5,-5,2,2020-10-07 17:17:24.911
-22,-32,4,-1,-4,24,-6,-14,2020-10-07 17:17:25.007
-10,-2,-8,-1,-7,-17,-9,-11,2020-10-07 17:17:25.082
-8,1,13,7,1,-1,5,-4,2020-10-07 17:17:25.187
4,-1,19,5,-3,-16,-7,-4,2020-10-07 17:17:25.278
14,12,-14,-7,9,56,35,12,2020-10-07 17:17:25.358
-11,-10,-11,0,-4,-2,-7,-5,2020-10-07 17:17:25.444
4,-1,-5,-2,2,1,4,1,2020-10-07 17:17:25.525
-25,-15,-6,-8,-8,-6,-2,-13,2020-10-07 17:17:25.599
11,50,-15,0,-1,-2,2,1,2020-10-07 17:17:25.682
11,17,-2,0,0,4,1,8,2020-10-07 17:17:25.763
-15,-20,-39,-8,-2,-7,-1,-5,2020-10-07 17:17:25.849
8,-7,5,5,4,5,5,3,2020-10-07 17:17:25.933
9,15,12,2,11,21,14,16,2020-10-07 17:17:26.012
6,24,-8,-1,-12,25,25,15,2020-10-07 17:17:26.098
-18,-56,-3,8,12,4,-6,3,2020-10-07 17:17:26.175
6,0,-17,10,-1,4,-1,6,2020-10-07 17:17:26.256
-6,-29,1,1,-3,-1,-4,-6,2020-10-07 17:17:26.347
-4,5,-2,1,-1,-12,-14,-12,2020-10-07 17:17:26.421
4,-2,8,-3,-3,1,14,10,2020-10-07 17:17:26.498
-12,-14,-8,0,-8,-8,-4,-4,2020-10-07 17:17:26.581
2,-1,12,-4,-2,-8,3,3,2020-10-07 17:17:26.659
-8,1,-5,-3,3,11,2,-12,2020-10-07 17:17:26.743
-6,12,29,5,-9,-68,-24,-10,2020-10-07 17:17:26.832
-7,-5,3,-5,-5,-22,-17,-7,2020-10-07 17:17:26.905
2,-12,-3,6,9,11,9,0,2020-10-07 17:17:26.984
-23,-18,-15,0,-4,10,7,-1,2020-10-07 17:17:27.068
-5,-29,-14,1,-2,0,-1,5,2020-10-07 17:17:27.142
-3,6,3,-8,-9,0,-7,-4,2020-10-07 17:17:27.223
25,15,4,-6,0,7,8,20,2020-10-07 17:17:27.306
-4,1,7,-3,-10,1,-2,-3,2020-10-07 17:17:27.391
16,43,11,-10,-1,8,11,14,2020-10-07 17:17:27.466
17,20,11,4,-6,-26,-10,10,2020-10-07 17:17:27.550
12,15,10,10,-18,-3,5,9,2020-10-07 17:17:27.630
0,-7,-11,8,7,3,-2,-9,2020-10-07 17:17:27.718
13,23,0,3,5,25,18,21,2020-10-07 17:17:27.799
-13,-15,7,8,6,-1,-7,-13,2020-10-07 17:17:27.883
5,0,13,-2,-13,-2,-1,0,2020-10-07 17:17:27.972
-10,-17,-5,-1,-5,-4,-4,-6,2020-10-07 17:17:28.050
-15,-27,-1,-17,-8,-3,-4,-5,2020-10-07 17:17:28.129
1,10,3,7,3,-4,-3,-4,2020-10-07 17:17:28.212
25,13,9,1,-3,-3,-3,2,2020-10-07 17:17:28.294
-6,-7,6,-6,-5,-30,-5,-1,2020-10-07 17:17:28.368
24,35,-1,-4,-3,-7,0,8,2020-10-07 17:17:28.460
-16,-53,12,8,-2,-2,-5,0,2020-10-07 17:17:28.536
35,54,33,18,6,-3,10,14,2020-10-07 17:17:28.610
2,10,13,4,-12,-3,-1,6,2020-10-07 17:17:28.693
-4,1,1,-17,-12,36,-3,1,2020-10-07 17:17:28.768
6,6,46,127,50,33,-1,-3,2020-10-07 17:17:28.844
-14,-20,36,1,9,-13,-14,-7,2020-10-07 17:17:28.939
19,48,5,-7,-7,-2,-6,-3,2020-10-07 17:17:29.022
13,22,15,4,6,0,-1,0,2020-10-07 17:17:29.105
4,22,-7,-4,0,7,5,4,2020-10-07 17:17:29.186
13,11,14,11,3,-4,4,5,2020-10-07 17:17:29.270
18,3,-12,-4,-20,-14,-7,-6,2020-10-07 17:17:29.349
-19,-59,-41,-5,-3,-1,4,-1,2020-10-07 17:17:29.435
-3,-1,14,3,-1,2,6,6,2020-10-07 17:17:29.521
-4,-6,-10,-8,-3,2,1,1,2020-10-07 17:17:29.597
3,-12,-18,1,2,41,3,3,2020-10-07 17:17:29.678
1,17,10,-7,-2,-2,-7,-1,2020-10-07 17:17:29.771
22,40,17,2,2,20,4,3,2020-10-07 17:17:29.867
-17,-24,-1,-7,-3,-5,-10,-3,2020-10-07 17:17:29.964
-1,-12,-6,5,-1,2,-5,-5,2020-10-07 17:17:30.060
0,-16,-1,3,3,9,6,4,2020-10-07 17:17:30.142
9,23,34,-4,1,4,-1,-2,2020-10-07 17:17:30.236
-1,9,45,14,0,-10,-2,1,2020-10-07 17:17:30.320
-3,0,13,2,-2,-1,2,0,2020-10-07 17:17:30.399
14,4,-5,-4,5,5,8,4,2020-10-07 17:17:30.494
-6,-10,1,-12,-2,8,0,0,2020-10-07 17:17:30.594
-12,-1,13,1,3,35,1,-9,2020-10-07 17:17:30.696
4,-3,30,3,2,13,10,6,2020-10-07 17:17:30.795
-6,-1,-15,0,-1,39,8,-8,2020-10-07 17:17:30.875
-11,-26,-7,1,-1,-7,-3,-2,2020-10-07 17:17:30.986
-18,1,1,-2,0,-5,-6,-11,2020-10-07 17:17:31.199
3,0,11,-1,0,7,3,4,2020-10-07 17:17:31.397
-6,-6,7,-3,-2,5,-1,-5,2020-10-07 17:17:31.528
-10,-18,-17,-9,-3,-4,-1,-3,2020-10-07 17:17:31.702
11,67,11,6,6,6,3,2,2020-10-07 17:17:31.800
-6,-21,-6,-3,-1,-3,-2,-5,2020-10-07 17:17:31.879
-4,-1,-3,3,0,-1,0,-1,2020-10-07 17:17:31.972
6,1,1,1,-1,-1,0,4,2020-10-07 17:17:32.053
14,15,10,3,2,1,2,5,2020-10-07 17:17:32.129
-2,4,-1,4,-1,-2,-2,-1,2020-10-07 17:17:32.219
-3,-1,-4,-6,-3,-2,0,0,2020-10-07 17:17:32.302
-7,-14,-4,-12,-2,2,-2,-2,2020-10-07 17:17:32.387
-1,-13,3,-2,0,3,3,3,2020-10-07 17:17:32.468
5,-1,-6,0,-2,-3,-1,0,2020-10-07 17:17:32.545
14,12,-8,0,1,2,6,11,2020-10-07 17:17:32.620
-2,-8,-6,-2,-1,0,0,-1,2020-10-07 17:17:32.707
8,1,-4,-5,-2,-3,-5,-1,2020-10-07 17:17:32.841
-2,11,-4,-3,0,1,0,3,2020-10-07 17:17:32.930
8,13,12,-4,-10,-9,0,-1,2020-10-07 17:17:33.013
-15,-3,0,-4,-1,-10,6,-2,2020-10-07 17:17:33.089
-11,-32,-19,-2,13,27,8,-3,2020-10-07 17:17:33.164
1,3,0,-1,-2,9,6,5,2020-10-07 17:17:33.253
-4,11,0,-3,3,-4,-3,-2,2020-10-07 17:17:33.331
-12,-7,5,-3,-7,-4,-2,-9,2020-10-07 17:17:33.408
8,6,-4,8,5,-3,-1,6,2020-10-07 17:17:33.502
-12,-24,13,-5,-9,-7,0,-5,2020-10-07 17:17:33.578
47,46,-15,-1,4,6,3,9,2020-10-07 17:17:33.653
-72,-31,20,-1,4,-1,-19,-37,2020-10-07 17:17:33.743
-1,1,2,1,-2,1,2,0,2020-10-07 17:17:33.820
-27,-14,3,-2,-4,-11,-3,-8,2020-10-07 17:17:33.898
-12,-21,3,-2,1,0,4,0,2020-10-07 17:17:33.991
1,-35,-16,-1,5,6,6,3,2020-10-07 17:17:34.070
4,33,10,4,-2,-4,-4,-5,2020-10-07 17:17:34.152
11,-35,-4,2,3,7,6,11,2020-10-07 17:17:34.236
25,-7,-13,4,-1,5,10,9,2020-10-07 17:17:34.316
6,22,-7,-3,-5,5,1,6,2020-10-07 17:17:34.398
-25,-66,-40,1,0,-1,-1,-7,2020-10-07 17:17:34.488
-14,-5,-3,7,-6,2,-3,-10,2020-10-07 17:17:34.561
-7,20,13,-11,-6,2,5,4,2020-10-07 17:17:34.642
-7,-43,6,10,21,3,3,1,2020-10-07 17:17:34.723
4,4,-9,-8,-1,-7,3,5,2020-10-07 17:17:34.802
2,-44,-1,9,-3,3,6,5,2020-10-07 17:17:34.888
9,-10,-5,1,1,4,8,2,2020-10-07 17:17:34.974
-20,-10,29,-15,-1,-4,-13,-16,2020-10-07 17:17:35.053
-25,-35,-22,1,-14,-7,-6,-11,2020-10-07 17:17:35.127
9,38,6,-5,28,3,6,7,2020-10-07 17:17:35.213
2,15,14,-1,-10,-8,-2,0,2020-10-07 17:17:35.292
-8,-12,0,2,8,-6,5,0,2020-10-07 17:17:35.371
11,5,5,-10,-11,-7,-1,4,2020-10-07 17:17:35.466
8,27,12,-10,-11,-2,-5,-9,2020-10-07 17:17:35.544
19,63,4,12,30,14,9,9,2020-10-07 17:17:35.619
-24,-14,3,7,18,5,2,-3,2020-10-07 17:17:35.700
-6,-42,-3,3,20,10,6,2,2020-10-07 17:17:35.782
-7,3,1,-4,-25,-12,-11,-10,2020-10-07 17:17:35.858
14,-8,-20,-5,-20,-2,2,6,2020-10-07 17:17:35.938
22,37,-10,-4,-9,-22,-5,14,2020-10-07 17:17:36.031
5,24,-4,6,6,-5,-6,-2,2020-10-07 17:17:36.108
-1,-17,24,18,5,-1,-2,1,2020-10-07 17:17:36.182
-2,0,-27,-16,-1,-6,3,4,2020-10-07 17:17:36.270
24,14,-30,-2,-12,-4,0,8,2020-10-07 17:17:36.348
13,-6,0,6,14,-2,-2,10,2020-10-07 17:17:36.429
10,6,-25,-6,3,7,15,18,2020-10-07 17:17:36.520
-16,-19,-21,-6,-4,-9,-8,-10,2020-10-07 17:17:36.595
-8,-17,16,-6,-5,1,-1,-9,2020-10-07 17:17:36.671
3,7,-34,-11,-1,25,22,12,2020-10-07 17:17:36.766
23,-24,-1,2,18,84,64,22,2020-10-07 17:17:36.844
35,6,-108,-26,-12,13,31,57,2020-10-07 17:17:36.923
8,12,24,7,-11,27,33,-37,2020-10-07 17:17:37.012
8,42,5,-2,-12,-17,-35,-17,2020-10-07 17:17:37.090
37,0,-112,-23,18,44,51,32,2020-10-07 17:17:37.169
16,85,32,6,-11,-64,-83,-23,2020-10-07 17:17:37.254
-59,-85,-52,-47,17,27,-2,-23,2020-10-07 17:17:37.342
19,5,28,18,4,8,-1,-16,2020-10-07 17:17:37.425
-5,-50,-19,3,9,-2,-12,-12,2020-10-07 17:17:37.500
10,-10,7,18,27,-6,-6,29,2020-10-07 17:17:37.583
-20,-22,38,5,-10,-42,-36,-24,2020-10-07 17:17:37.661
7,22,1,-4,2,0,3,1,2020-10-07 17:17:37.741
-8,-19,26,6,3,2,-5,-12,2020-10-07 17:17:37.823
-5,-6,0,-3,-12,-6,-7,-6,2020-10-07 17:17:37.903
-11,-18,9,18,10,-4,-7,-13,2020-10-07 17:17:37.987
-7,2,19,1,-1,-2,-7,-10,2020-10-07 17:17:38.069
2,-22,4,-1,1,3,4,7,2020-10-07 17:17:38.143
3,-3,12,-1,0,0,2,5,2020-10-07 17:17:38.226
3,-9,-21,-2,4,7,8,7,2020-10-07 17:17:38.306
9,6,-13,-4,-1,-4,-6,6,2020-10-07 17:17:38.390
10,8,6,6,6,6,6,11,2020-10-07 17:17:38.475
28,25,-4,7,-2,-4,10,3,2020-10-07 17:17:38.557
6,23,-5,0,2,24,18,-6,2020-10-07 17:17:38.643
8,29,7,-8,-4,20,12,-16,2020-10-07 17:17:38.722
18,13,-14,-8,5,13,16,34,2020-10-07 17:17:38.800
-4,-53,-30,-14,0,79,102,52,2020-10-07 17:17:38.885
-2,-27,-5,2,16,6,58,59,2020-10-07 17:17:38.973
24,15,70,-2,-7,21,-9,-32,2020-10-07 17:17:39.058
33,74,33,19,7,24,23,-1,2020-10-07 17:17:39.142
-2,15,1,-23,-6,14,8,-56,2020-10-07 17:17:39.218
20,34,58,0,-12,-33,-19,30,2020-10-07 17:17:39.296
-41,-13,-17,-12,-5,34,24,-21,2020-10-07 17:17:39.372
26,37,-6,-11,0,16,13,19,2020-10-07 17:17:39.455
-2,-37,18,6,-2,1,-10,-5,2020-10-07 17:17:39.543
12,5,2,9,-4,-5,-7,-2,2020-10-07 17:17:39.620
-5,-27,-8,-4,16,5,5,0,2020-10-07 17:17:39.724
5,31,9,10,-2,2,3,1,2020-10-07 17:17:39.846
3,4,3,4,-3,0,-1,6,2020-10-07 17:17:39.923
1,14,13,-3,6,2,0,-3,2020-10-07 17:17:40.010
3,9,-1,2,-5,-2,-1,4,2020-10-07 17:17:40.095
-5,-5,1,-3,-5,-6,-9,-13,2020-10-07 17:17:40.174
12,-12,-7,1,2,2,4,13,2020-10-07 17:17:40.250
1,-3,-5,2,6,9,7,15,2020-10-07 17:17:40.342
23,39,5,-2,-2,-4,4,21,2020-10-07 17:17:40.420
13,-15,-20,-14,-13,5,19,30,2020-10-07 17:17:40.501
5,-18,33,-1,1,-8,-19,4,2020-10-07 17:17:40.594
28,3,-1,-19,-32,6,24,29,2020-10-07 17:17:40.671
1,1,-5,3,9,1,-4,7,2020-10-07 17:17:40.749
5,26,15,2,0,0,13,15,2020-10-07 17:17:40.829
-16,-22,-13,3,15,-5,-3,-2,2020-10-07 17:17:40.905
-3,-17,-9,-7,-1,7,3,-5,2020-10-07 17:17:40.989
6,33,-5,-12,-18,-23,-16,2,2020-10-07 17:17:41.066
-18,-35,-5,-4,1,3,1,-17,2020-10-07 17:17:41.160
-14,-17,5,-4,0,-4,-11,-16,2020-10-07 17:17:41.240
13,1,-13,-7,2,6,-7,13,2020-10-07 17:17:41.314
-18,-49,9,15,-9,-5,-14,-11,2020-10-07 17:17:41.399
-4,-11,-2,4,-1,-4,-4,2,2020-10-07 17:17:41.480
-6,16,2,-7,-3,-2,-4,-8,2020-10-07 17:17:41.557
10,18,-5,-1,7,3,3,7,2020-10-07 17:17:41.643
-7,-20,10,-4,-1,-3,-2,-5,2020-10-07 17:17:41.722
-2,-24,-1,4,4,1,-1,-2,2020-10-07 17:17:41.801
-13,3,1,2,-3,0,-3,-9,2020-10-07 17:17:41.878
-9,-8,4,-3,-6,-3,-2,-6,2020-10-07 17:17:41.965
-3,-6,5,-2,-2,-2,-2,-2,2020-10-07 17:17:42.045
3,4,-3,-3,1,-1,-4,0,2020-10-07 17:17:42.117
-1,-1,4,-3,-7,-1,-2,1,2020-10-07 17:17:42.210
-3,-4,-7,1,2,2,4,-1,2020-10-07 17:17:42.288
-3,-7,1,0,0,4,0,-7,2020-10-07 17:17:42.367
-7,0,5,2,7,-5,-5,-6,2020-10-07 17:17:42.446
3,1,8,-1,1,15,7,4,2020-10-07 17:17:42.531
2,-3,0,1,-2,-2,0,0,2020-10-07 17:17:42.609
-2,0,4,-3,-5,1,2,0,2020-10-07 17:17:42.689
2,-4,3,-2,0,2,-1,-1,2020-10-07 17:17:42.779
-1,-3,-6,-3,1,1,-3,2,2020-10-07 17:17:42.853
5,5,4,-4,-1,2,-3,-4,2020-10-07 17:17:42.942
-4,-7,2,4,10,0,-8,-1,2020-10-07 17:17:43.019
4,1,4,-4,2,41,18,11,2020-10-07 17:17:43.100
-3,-26,74,5,-10,-9,-2,3,2020-10-07 17:17:43.180
-14,7,-88,-9,-12,-22,8,-14,2020-10-07 17:17:43.260
-62,-21,33,-17,-31,-72,-80,-68,2020-10-07 17:17:43.346
-21,-21,22,20,25,-10,-62,4,2020-10-07 17:17:43.424
-52,14,76,-7,-3,-50,-56,-69,2020-10-07 17:17:43.515
-18,1,46,20,-10,-77,-45,-69,2020-10-07 17:17:43.595
75,65,11,23,-11,-62,-36,120,2020-10-07 17:17:43.678
-9,-3,3,0,-28,-52,-55,-35,2020-10-07 17:17:43.761
-14,-24,-38,-7,15,5,15,1,2020-10-07 17:17:43.834
-16,-54,2,3,2,39,40,2,2020-10-07 17:17:43.918
-20,11,8,-1,4,7,0,-11,2020-10-07 17:17:44.012
-11,-43,3,-5,-2,-3,-5,-1,2020-10-07 17:17:44.092
12,24,-19,-4,7,9,3,2,2020-10-07 17:17:44.170
8,-18,-7,-8,-18,11,6,15,2020-10-07 17:17:44.261
-13,11,7,-5,-12,-13,-6,-12,2020-10-07 17:17:44.336
-3,-6,-5,3,1,2,-2,-3,2020-10-07 17:17:44.414
-3,-17,9,-11,0,9,0,-4,2020-10-07 17:17:44.493
2,7,11,-4,-3,-1,1,2,2020-10-07 17:17:44.585
3,17,-4,-8,12,1,0,3,2020-10-07 17:17:44.661
-5,-13,9,0,4,-1,1,-1,2020-10-07 17:17:44.740
1,11,-3,1,-11,-4,0,2,2020-10-07 17:17:44.832
-2,0,5,1,4,-6,-2,-4,2020-10-07 17:17:44.908
0,-3,5,1,5,5,-2,1,2020-10-07 17:17:44.987
5,1,-12,-8,-1,5,10,15,2020-10-07 17:17:45.079
-18,-13,-11,-11,1,-3,-10,-19,2020-10-07 17:17:45.161
7,-8,11,11,3,8,13,3,2020-10-07 17:17:45.239
-2,-7,9,-16,-14,-16,0,-11,2020-10-07 17:17:45.322
27,7,-10,-7,7,24,39,63,2020-10-07 17:17:45.405
-59,-34,13,0,-7,-21,-48,-49,2020-10-07 17:17:45.483
13,13,7,-11,-11,5,-4,10,2020-10-07 17:17:45.563
-25,-13,-16,-26,-31,-41,-42,-21,2020-10-07 17:17:45.650
20,2,0,-11,-4,13,12,19,2020-10-07 17:17:45.735
-16,-11,6,-11,-6,1,-11,-24,2020-10-07 17:17:45.811
13,30,23,5,9,-3,-10,-6,2020-10-07 17:17:45.891
2,-37,3,14,0,6,4,9,2020-10-07 17:17:45.969
3,29,-4,-12,-33,-13,-8,-5,2020-10-07 17:17:46.055
18,56,32,7,27,33,4,4,2020-10-07 17:17:46.145
-2,-28,-15,-2,-3,-10,1,6,2020-10-07 17:17:46.220
6,8,13,7,-1,0,1,1,2020-10-07 17:17:46.304
14,27,15,2,-1,2,3,4,2020-10-07 17:17:46.383
20,26,-17,-1,-12,2,8,14,2020-10-07 17:17:46.456
10,9,2,2,-9,2,11,19,2020-10-07 17:17:46.536
1,-11,-16,-4,-18,4,4,7,2020-10-07 17:17:46.623
-1,8,15,-6,3,-4,-3,5,2020-10-07 17:17:46.706
-4,-1,-3,13,35,4,9,8,2020-10-07 17:17:46.786
-2,2,3,-6,5,-1,-5,-13,2020-10-07 17:17:46.861
-21,-20,-2,-7,-1,-3,-8,-24,2020-10-07 17:17:46.953
-4,-4,-1,5,0,1,-5,-2,2020-10-07 17:17:47.029
-7,-13,-36,-6,-1,2,-3,0,2020-10-07 17:17:47.107
1,-2,28,4,3,2,3,-6,2020-10-07 17:17:47.196
-6,-9,18,-17,-13,-23,-26,-36,2020-10-07 17:17:47.275
-28,-47,-18,2,15,28,8,6,2020-10-07 17:17:47.356
2,3,-7,7,0,-5,16,33,2020-10-07 17:17:47.435
-74,-29,18,-7,-31,-27,-71,-82,2020-10-07 17:17:47.518
-33,2,-61,-14,-2,-11,-5,-8,2020-10-07 17:17:47.593
15,-22,32,7,3,-8,-26,37,2020-10-07 17:17:47.683
5,-57,17,7,13,13,6,-62,2020-10-07 17:17:47.762
11,-56,-5,1,13,8,-4,36,2020-10-07 17:17:47.843
-17,5,14,-17,-1,-9,-4,-17,2020-10-07 17:17:47.922
11,-8,-11,8,3,2,6,-7,2020-10-07 17:17:48.005
5,11,-3,12,3,4,-2,-9,2020-10-07 17:17:48.083
0,-3,-2,32,12,-4,-3,4,2020-10-09 11:52:28.726
5,1,-4,-17,-11,-3,1,5,2020-10-09 11:52:28.753
-3,-3,-3,-2,-6,0,-1,-6,2020-10-09 11:52:28.765
-3,-3,-3,-2,-6,0,-1,-6,2020-10-09 11:52:28.774
4,2,0,5,-3,1,8,2,2020-10-09 11:52:28.783
-5,-10,8,11,3,-2,0,-2,2020-10-09 11:52:28.810
0,0,-5,-12,3,0,-1,-1,2020-10-09 11:52:28.882
-2,-6,7,25,-1,-2,-1,-4,2020-10-09 11:52:28.912
-1,2,12,-13,-4,0,-3,3,2020-10-09 11:52:28.933
-2,-3,1,4,56,9,1,-2,2020-10-09 11:52:28.947
2,-3,1,-15,59,15,8,8,2020-10-09 11:52:28.965
-2,-3,2,-11,0,-3,-7,-1,2020-10-09 11:52:28.989
0,-4,-10,-2,2,-5,-5,-1,2020-10-09 11:52:29.009
-1,6,8,-11,-3,-9,-5,1,2020-10-09 11:52:29.026
-6,-9,-27,-27,4,-8,-19,-7,2020-10-09 11:52:29.044
-2,3,-6,38,-4,-4,-2,1,2020-10-09 11:52:29.065
-3,-6,4,10,-6,-15,2,1,2020-10-09 11:52:29.079
-1,-3,-5,-6,2,-1,-4,-1,2020-10-09 11:52:29.098
0,-4,-25,-36,-4,-15,-10,-3,2020-10-09 11:52:29.115
-3,-7,-12,-36,-5,4,12,0,2020-10-09 11:52:29.135
-1,3,16,-31,4,5,-1,-2,2020-10-09 11:52:29.152
3,6,16,19,7,3,5,0,2020-10-09 11:52:29.169
0,1,19,71,6,-10,-11,-2,2020-10-09 11:52:29.191
-7,-3,-18,17,2,15,6,-2,2020-10-09 11:52:29.212
2,-8,-35,-80,-17,-10,-7,4,2020-10-09 11:52:29.230
-5,-9,-3,15,10,9,-4,-3,2020-10-09 11:52:29.246
-1,-3,9,23,-3,0,7,-3,2020-10-09 11:52:29.267
2,6,16,-8,3,11,6,2,2020-10-09 11:52:29.287
5,3,3,1,-1,-5,10,4,2020-10-09 11:52:29.307
8,5,-4,12,-5,-2,6,7,2020-10-09 11:52:29.327
-7,-5,-11,-42,-13,-11,-12,-2,2020-10-09 11:52:29.351
1,8,11,-19,-5,7,0,0,2020-10-09 11:52:29.374
-2,2,19,70,7,5,6,2,2020-10-09 11:52:29.411
-4,-7,-20,-31,-1,-5,26,-3,2020-10-09 11:52:29.445
0,0,-16,-25,-48,-2,8,-4,2020-10-09 11:52:29.483
-2,3,18,20,-62,-14,2,3,2020-10-09 11:52:29.523
6,16,46,11,3,29,-6,8,2020-10-09 11:52:29.573
-4,-10,9,8,-5,-10,7,-4,2020-10-09 11:52:29.611
-7,-24,-102,-110,11,8,8,-7,2020-10-09 11:52:29.645
-1,-19,-53,1,14,-6,1,-1,2020-10-09 11:52:29.676
1,15,39,-32,-23,-9,5,5,2020-10-09 11:52:29.714
-2,-4,-4,1,3,-15,-9,-1,2020-10-09 11:52:29.748
-3,-7,-68,5,8,11,-3,-1,2020-10-09 11:52:29.781
5,9,-1,-28,28,2,41,9,2020-10-09 11:52:29.808
-1,4,12,4,-5,-1,-45,-8,2020-10-09 11:52:29.852
-5,-2,27,37,0,-2,-2,-1,2020-10-09 11:52:29.904
5,-5,-14,-34,-5,-2,13,14,2020-10-09 11:52:29.964
-2,-3,0,5,-1,1,1,-4,2020-10-09 11:52:30.004
1,1,-9,-3,-1,-2,3,0,2020-10-09 11:52:30.040
2,-1,1,7,0,-2,2,2,2020-10-09 11:52:30.084
-2,2,9,5,21,1,-2,-1,2020-10-09 11:52:30.114
-2,-12,-3,-2,-10,0,-2,-2,2020-10-09 11:52:30.140
2,12,17,2,8,2,-1,-3,2020-10-09 11:52:30.166
-1,-2,-13,-9,-3,-3,-1,-2,2020-10-09 11:52:30.188
1,4,-7,2,8,-1,1,0,2020-10-09 11:52:30.216
2,4,2,-1,1,1,-2,-2,2020-10-09 11:52:30.240
5,5,-2,-3,4,3,1,0,2020-10-09 11:52:30.370
40,19,-128,7,6,19,16,-128,2020-10-09 11:52:30.533
-58,-65,-41,-23,-6,18,-4,20,2020-10-09 11:52:30.654
-65,-114,-14,3,-43,-41,-26,-3,2020-10-09 11:52:30.777
-8,-31,2,20,9,7,-25,-21,2020-10-09 11:52:30.901
-5,20,37,6,-34,-65,-24,-12,2020-10-09 11:52:31.010
4,12,21,15,-9,-4,2,-2,2020-10-09 11:52:31.117
-2,-1,2,-1,8,5,4,5,2020-10-09 11:52:31.213
-5,-1,0,-1,0,1,-1,-4,2020-10-09 11:52:31.321
-5,-2,-3,-3,-1,3,6,-4,2020-10-09 11:52:31.414
3,4,3,3,-3,0,-1,0,2020-10-09 11:52:31.522
-1,3,-2,2,-3,0,1,-1,2020-10-09 11:52:31.626
0,3,0,-4,-2,0,0,-2,2020-10-09 11:52:31.725
2,-1,-1,2,5,1,1,-3,2020-10-09 11:52:31.838
-3,-4,-10,-54,-1,1,-1,0,2020-10-09 11:52:31.934
-2,2,0,4,-2,-5,-1,-2,2020-10-09 11:52:32.041
0,2,-5,-11,2,-3,-1,-1,2020-10-09 11:52:32.144
-4,-4,1,-4,6,0,-3,-2,2020-10-09 11:52:32.245
-1,-3,-7,-6,-9,-4,-4,-4,2020-10-09 11:52:32.344
-2,-11,-11,-2,-2,2,-1,-3,2020-10-09 11:52:32.442
0,2,-1,2,1,0,0,0,2020-10-09 11:52:32.548
1,6,6,1,1,0,2,1,2020-10-09 11:52:32.651
-4,-6,-6,-2,15,19,8,4,2020-10-09 11:52:32.745
-5,-2,18,-5,-6,18,-4,-7,2020-10-09 11:52:32.851
-7,-2,-12,-14,6,31,2,-6,2020-10-09 11:52:32.951
8,19,55,12,0,21,7,2,2020-10-09 11:52:33.058
6,-4,6,0,29,53,46,12,2020-10-09 11:52:33.157
-4,-18,-34,-10,37,60,17,-4,2020-10-09 11:52:33.265
-12,12,59,12,19,7,-9,-10,2020-10-09 11:52:33.364
-2,27,37,-9,14,-22,-13,-8,2020-10-09 11:52:33.475
0,-21,-41,-7,-17,28,46,19,2020-10-09 11:52:33.570
0,-24,-68,-22,-46,-85,-12,8,2020-10-09 11:52:33.687
-16,-73,1,-31,-56,-69,8,-1,2020-10-09 11:52:33.784
5,17,47,18,-55,-66,-52,-20,2020-10-09 11:52:33.897
-2,9,26,3,38,39,21,6,2020-10-09 11:52:33.993
-6,4,-8,-3,22,16,-11,-11,2020-10-09 11:52:34.110
13,38,78,29,-10,1,8,10,2020-10-09 11:52:34.213
-1,-2,-44,-1,0,21,4,9,2020-10-09 11:52:34.317
1,-15,18,-14,-39,-50,2,8,2020-10-09 11:52:34.422
14,41,85,29,-1,58,44,25,2020-10-09 11:52:34.523
-11,-28,-81,-29,-9,-2,-5,-8,2020-10-09 11:52:34.631
0,7,14,5,-9,-8,-13,-5,2020-10-09 11:52:34.726
3,6,11,21,4,2,-1,3,2020-10-09 11:52:34.836
-1,0,6,8,-4,-2,-1,0,2020-10-09 11:52:34.933
-4,-9,-5,-4,1,4,-1,-1,2020-10-09 11:52:35.038
1,-1,3,-4,2,3,0,-4,2020-10-09 11:52:35.136
0,0,0,-3,10,3,1,-2,2020-10-09 11:52:35.248
1,-3,-1,0,2,4,2,0,2020-10-09 11:52:35.352
0,-13,-6,-3,-8,3,8,5,2020-10-09 11:52:35.458
2,4,15,6,3,7,44,19,2020-10-09 11:52:35.557
3,10,8,3,1,2,11,7,2020-10-09 11:52:35.657
-6,0,-6,2,22,7,-18,-14,2020-10-09 11:52:35.756
13,29,48,11,-16,-6,30,20,2020-10-09 11:52:35.849
1,7,-11,-4,1,-5,13,7,2020-10-09 11:52:35.954
7,22,67,18,4,20,21,18,2020-10-09 11:52:36.049
13,4,12,2,5,-7,45,32,2020-10-09 11:52:36.157
-10,-6,-31,-9,-38,-32,-65,-34,2020-10-09 11:52:36.251
-4,-22,-44,-19,23,25,33,12,2020-10-09 11:52:36.354
-9,-9,-13,-12,-21,-35,-37,-31,2020-10-09 11:52:36.455
4,6,13,8,-18,-16,-27,-15,2020-10-09 11:52:36.569
2,-1,-7,-5,-19,-5,12,16,2020-10-09 11:52:36.672
10,21,51,10,-18,2,2,9,2020-10-09 11:52:36.791
2,6,20,3,7,-15,1,11,2020-10-09 11:52:36.901
18,17,36,10,-12,45,116,89,2020-10-09 11:52:37.011
-2,4,16,-3,4,-6,-29,-16,2020-10-09 11:52:37.116
8,12,16,3,12,32,25,21,2020-10-09 11:52:37.213
1,-2,3,-3,25,20,9,3,2020-10-09 11:52:37.319
8,8,19,3,8,33,34,11,2020-10-09 11:52:37.430
-1,3,18,5,3,-11,-24,-16,2020-10-09 11:52:37.544
4,11,20,0,-13,7,2,1,2020-10-09 11:52:37.645
3,11,4,1,-6,-4,-1,0,2020-10-09 11:52:37.756
2,-2,-7,6,-4,-1,-1,1,2020-10-09 11:52:37.854
0,15,-5,1,8,1,-2,0,2020-10-09 11:52:37.963
1,-2,-19,7,-51,-8,-7,-1,2020-10-09 11:52:38.065
1,4,6,17,7,-2,3,3,2020-10-09 11:52:38.176
0,0,9,-1,5,2,4,1,2020-10-09 11:52:38.293
-5,-2,-1,1,-16,11,2,-2,2020-10-09 11:52:38.396
-4,-3,-1,1,-41,1,-1,-1,2020-10-09 11:52:38.495
0,0,-3,-7,-6,-13,-2,-3,2020-10-09 11:52:38.603
3,0,2,-1,0,2,-12,-3,2020-10-09 11:52:38.708
-5,0,-1,0,3,0,-2,-1,2020-10-09 11:52:38.818
-2,0,-1,-1,-1,1,1,9,2020-10-09 11:52:38.929
-2,1,0,0,-1,-2,-2,1,2020-10-09 11:52:39.024
-2,-5,-6,-3,1,-1,1,-3,2020-10-09 11:52:39.132
1,1,0,2,-3,-2,-1,-1,2020-10-09 11:52:39.234
-2,-5,0,-3,0,1,0,-5,2020-10-09 11:52:39.341
-1,0,0,0,-3,0,0,1,2020-10-09 11:52:39.447
0,-1,-1,0,-2,-4,-1,-1,2020-10-09 11:52:39.558
-2,-6,-3,-4,1,-1,0,-2,2020-10-09 11:52:39.657
-2,1,-1,-3,-1,1,-1,-2,2020-10-09 11:52:39.757
0,2,-1,-2,3,-1,1,-1,2020-10-09 11:52:39.881
0,4,-1,0,10,3,2,0,2020-10-09 11:52:39.975
0,3,5,1,15,-3,-1,0,2020-10-09 11:52:40.087
-3,-1,14,18,4,0,-2,1,2020-10-09 11:52:40.193
-2,0,23,-18,-96,-31,-2,-3,2020-10-09 11:52:40.299
-1,3,-19,2,24,9,3,-2,2020-10-09 11:52:40.395
-7,-12,-29,-46,53,11,-12,0,2020-10-09 11:52:40.498
3,-2,-14,-23,2,12,11,22,2020-10-09 11:52:40.599
3,6,2,22,13,13,43,-1,2020-10-09 11:52:40.697
1,2,-9,-17,-28,-42,-71,-19,2020-10-09 11:52:40.799
-3,0,1,-3,5,28,25,2,2020-10-09 11:52:40.890
-10,3,7,4,12,-18,-8,-7,2020-10-09 11:52:41.010
14,2,2,-3,-63,-23,10,17,2020-10-09 11:52:41.107
-4,-8,-7,-4,-31,-18,5,10,2020-10-09 11:52:41.229
-9,-3,-2,2,1,2,-11,-6,2020-10-09 11:52:41.325
7,14,13,5,-14,-23,-8,-2,2020-10-09 11:52:41.427
-15,-10,-8,127,23,-1,-36,-128,2020-10-09 11:52:41.523
-71,11,-42,127,-17,-13,-20,-91,2020-10-09 11:52:41.630
44,127,127,110,-128,26,127,103,2020-10-09 11:52:41.741
35,116,3,19,5,-96,3,52,2020-10-09 11:52:41.840
51,13,31,127,-127,-38,-6,-41,2020-10-09 11:52:41.943
-115,-107,121,127,-128,-11,52,15,2020-10-09 11:52:42.042
105,68,19,127,17,-21,33,41,2020-10-09 11:52:42.151
1,18,22,5,34,-13,22,-9,2020-10-09 11:52:42.252
-12,-7,3,-2,-7,-1,7,4,2020-10-09 11:52:42.357
13,8,24,55,4,-3,3,7,2020-10-09 11:52:42.454
-2,1,6,-50,-62,4,8,-3,2020-10-09 11:52:42.554
80,103,72,-128,-110,-40,17,-70,2020-10-09 11:52:42.673
9,45,-99,-54,127,-17,120,-67,2020-10-09 11:52:42.774
-72,-12,-18,-84,-52,3,78,23,2020-10-09 11:52:42.880
-25,-20,-35,-30,-74,-8,-11,48,2020-10-09 11:52:42.974
-16,25,31,86,127,-61,42,41,2020-10-09 11:52:43.109
-106,17,5,-56,-86,-24,23,-13,2020-10-09 11:52:43.211
-21,-10,-20,-15,8,-6,-8,-10,2020-10-09 11:52:43.340
12,-6,-19,2,38,-36,-16,42,2020-10-09 11:52:43.451
-11,-2,-1,-6,16,53,9,-34,2020-10-09 11:52:43.553
-5,-1,-3,-12,11,20,-18,-3,2020-10-09 11:52:43.657
-65,-23,24,-40,27,18,-12,-50,2020-10-09 11:52:43.764
-5,7,-1,-14,80,33,40,48,2020-10-09 11:52:43.872
12,-12,-88,2,-128,-108,-128,-105,2020-10-09 11:52:43.963
58,59,-11,107,11,56,-91,14,2020-10-09 11:52:44.058
126,15,-60,62,-26,-58,11,30,2020-10-09 11:52:44.164
-21,-21,73,65,-52,-14,1,8,2020-10-09 11:52:44.262
-5,-25,-44,8,20,-20,24,27,2020-10-09 11:52:44.370
-5,-22,-35,-11,8,12,31,-27,2020-10-09 11:52:44.466
-13,-6,3,-5,-16,6,-13,0,2020-10-09 11:52:44.569
1,0,5,-6,-1,0,0,3,2020-10-09 11:52:44.675
-4,-8,3,-3,5,-6,2,2,2020-10-09 11:52:44.781
-20,63,14,-28,-51,-5,-105,-9,2020-10-09 11:52:44.886
6,-6,16,-8,-5,-7,-13,-6,2020-10-09 11:52:45.000
3,-2,7,8,4,-7,-22,-1,2020-10-09 11:52:45.110
2,-4,-20,-4,-7,2,15,3,2020-10-09 11:52:45.220
-3,-2,-6,-10,-4,5,-6,0,2020-10-09 11:52:45.328
1,6,18,0,-3,1,5,-11,2020-10-09 11:52:45.443
3,3,24,9,1,-2,1,-1,2020-10-09 11:52:45.554
12,-3,10,-5,1,3,-5,7,2020-10-09 11:52:45.648
-12,-3,-7,7,-2,-1,0,-4,2020-10-09 11:52:45.748
-3,-2,10,-4,2,10,-4,-1,2020-10-09 11:52:45.858
0,3,0,-9,8,0,7,-4,2020-10-09 11:52:45.955
-1,2,-12,1,3,-9,-2,-4,2020-10-09 11:52:46.058
0,0,-6,2,-1,-4,-8,1,2020-10-09 11:52:46.168
5,-2,-21,-3,6,-1,-4,0,2020-10-09 11:52:46.277
-6,-103,26,-1,1,7,22,4,2020-10-09 11:52:46.394
-1,5,17,5,5,2,0,-2,2020-10-09 11:52:46.489
-17,-21,-101,32,-63,-16,-33,-2,2020-10-09 11:52:46.593
-2,0,41,-11,25,12,26,5,2020-10-09 11:52:46.691
-13,-13,-104,-1,8,-30,-57,-19,2020-10-09 11:52:46.799
-103,80,127,-17,20,109,36,9,2020-10-09 11:52:46.906
-62,-6,35,-12,-35,12,-2,-6,2020-10-09 11:52:46.996
13,-13,-19,2,-2,-14,-29,-1,2020-10-09 11:52:47.104
9,1,-4,-3,-5,-1,-8,4,2020-10-09 11:52:47.199
-3,-11,0,-5,0,-7,-8,-2,2020-10-09 11:52:47.315
10,5,6,-9,-9,-11,-23,-9,2020-10-09 11:52:47.413
-14,-39,-83,-13,-31,-1,-22,-4,2020-10-09 11:52:47.522
5,47,50,16,31,0,11,6,2020-10-09 11:52:47.616
3,-4,-8,4,28,-3,8,-9,2020-10-09 11:52:47.713
5,-4,-7,3,-2,-4,-4,-1,2020-10-09 11:52:47.848
13,3,10,19,-7,1,-5,0,2020-10-09 11:52:47.941
-14,127,-71,-4,-12,-33,-65,-6,2020-10-09 11:52:48.048
-4,-79,118,27,-10,-75,13,0,2020-10-09 11:52:48.143
-83,-24,69,122,86,78,127,92,2020-10-09 11:52:48.246
-91,-9,97,-123,-3,-50,-108,-114,2020-10-09 11:52:48.338
-50,-88,-83,68,-4,38,119,19,2020-10-09 11:52:48.439
90,1,57,-8,-41,-46,-8,67,2020-10-09 11:52:48.632
-17,-25,8,57,-39,25,127,-6,2020-10-09 11:52:48.749
-47,-106,-63,127,-99,-68,-128,-6,2020-10-09 11:52:48.857
-42,-67,-35,16,-93,-75,-115,-12,2020-10-09 11:52:48.983
-15,-6,-7,-11,-21,-8,-19,-5,2020-10-09 11:52:49.080
5,0,8,-11,-8,-4,-5,7,2020-10-09 11:52:49.194
7,36,5,-2,17,8,61,-7,2020-10-09 11:52:49.294
13,7,-17,0,15,15,44,3,2020-10-09 11:52:49.400
-100,-114,-32,-24,126,-119,-119,78,2020-10-09 11:52:49.494
12,-88,12,3,26,5,13,8,2020-10-09 11:52:49.639
10,119,43,-13,-10,84,82,78,2020-10-09 11:52:49.738
-8,64,-128,-3,3,-11,43,102,2020-10-09 11:52:49.830
68,-35,100,60,40,16,-7,9,2020-10-09 11:52:49.942
41,-100,-122,71,2,-22,-13,11,2020-10-09 11:52:50.046
9,13,48,14,7,-8,-8,3,2020-10-09 11:52:50.148
2,48,-37,-11,-3,8,5,-1,2020-10-09 11:52:50.250
-3,-5,-3,5,-5,-7,-9,-4,2020-10-09 11:52:50.357
-1,0,31,-5,-1,2,-8,-4,2020-10-09 11:52:50.466
0,-100,-107,36,2,6,8,3,2020-10-09 11:52:50.561
-128,66,127,-3,-13,3,-1,7,2020-10-09 11:52:50.671
-110,-1,-1,6,-10,0,9,-11,2020-10-09 11:52:50.774
-54,10,127,-45,-16,-7,40,-4,2020-10-09 11:52:50.864
-36,117,1,-25,127,127,88,93,2020-10-09 11:52:50.979
-10,-17,30,36,85,24,63,-42,2020-10-09 11:52:51.072
-32,51,-63,-31,62,5,1,-76,2020-10-09 11:52:51.183
-5,-47,3,0,120,-4,74,-73,2020-10-09 11:52:51.280
101,-29,7,-16,57,24,40,-16,2020-10-09 11:52:51.378
94,9,2,-8,49,49,127,-21,2020-10-09 11:52:51.484
33,4,4,-2,-64,-56,39,46,2020-10-09 11:52:51.620
-18,-28,1,0,39,20,22,-28,2020-10-09 11:52:51.722
5,13,1,-4,-7,9,6,-10,2020-10-09 11:52:51.820
-12,-31,1,9,11,-11,-25,8,2020-10-09 11:52:51.927
6,-2,-1,-5,-14,-20,14,10,2020-10-09 11:52:52.025
-7,5,-3,8,-90,1,41,-8,2020-10-09 11:52:52.120
-1,32,-9,-13,-128,-50,7,-58,2020-10-09 11:52:52.230
-79,-37,-4,4,72,-59,32,-5,2020-10-09 11:52:52.330
-84,-30,-36,-21,6,6,-7,-7,2020-10-09 11:52:52.434
-123,17,52,-21,4,-8,2,9,2020-10-09 11:52:52.542
2,21,34,-26,-9,1,17,-14,2020-10-09 11:52:52.650
-128,97,-35,25,15,-6,15,17,2020-10-09 11:52:52.769
-32,115,127,-3,7,21,17,-1,2020-10-09 11:52:52.872
91,-6,-6,-2,1,2,0,-2,2020-10-09 11:52:52.974
127,0,1,57,-5,0,2,1,2020-10-09 11:52:53.073
-42,-41,-23,-43,-3,4,-5,3,2020-10-09 11:52:53.184
-72,-54,-113,80,-5,-7,-11,-11,2020-10-09 11:52:53.294
127,-110,127,-20,0,3,16,44,2020-10-09 11:52:53.387
32,-17,-128,-11,-6,-2,13,28,2020-10-09 11:52:53.496
52,89,72,51,-5,0,4,-3,2020-10-09 11:52:53.602
-33,37,92,-29,4,-6,-6,25,2020-10-09 11:52:53.708
-55,-53,-33,3,18,0,11,-38,2020-10-09 11:52:53.816
-3,16,-93,6,-3,1,-6,10,2020-10-09 11:52:53.916
3,-2,70,8,-7,-10,-9,13,2020-10-09 11:52:54.020
41,-37,-70,127,6,104,14,9,2020-10-09 11:52:54.127
4,5,-13,7,-55,51,-36,84,2020-10-09 11:52:54.225
46,-66,116,7,-17,16,-128,26,2020-10-09 11:52:54.330
-105,119,-16,-58,-58,-119,-32,-89,2020-10-09 11:52:54.425
107,103,8,1,113,-105,-60,-37,2020-10-09 11:52:54.521
24,-110,-17,17,-56,-102,80,28,2020-10-09 11:52:54.654
6,-36,12,39,19,-55,-3,32,2020-10-09 11:52:54.755
5,6,1,-25,-18,17,-26,-50,2020-10-09 11:52:54.859
9,9,1,-7,-13,25,20,26,2020-10-09 11:52:54.955
-5,-10,0,-10,11,9,48,23,2020-10-09 11:52:55.058
4,12,6,-23,-55,13,87,-52,2020-10-09 11:52:55.164
-2,-1,5,8,-17,12,-41,-3,2020-10-09 11:52:55.259
0,2,-1,1,-10,-6,-5,5,2020-10-09 11:52:55.364
2,-4,-6,7,12,0,-8,20,2020-10-09 11:52:55.459
-1,1,0,3,-2,0,3,8,2020-10-09 11:52:55.563
-2,6,-2,13,14,-21,65,13,2020-10-09 11:52:55.670
-1,18,-4,-21,-38,25,-10,-8,2020-10-09 11:52:55.767
-1,20,-6,6,-26,-28,7,-3,2020-10-09 11:52:55.873
1,-7,-1,-1,-6,19,-2,-22,2020-10-09 11:52:55.996
8,39,-5,38,34,-5,-8,-123,2020-10-09 11:52:56.092
-27,-13,-3,3,12,7,-9,-45,2020-10-09 11:52:56.212
0,29,-3,-1,-17,-9,-4,-19,2020-10-09 11:52:56.320
6,36,-3,96,93,52,-17,70,2020-10-09 11:52:56.427
-2,-6,-9,64,43,13,-16,102,2020-10-09 11:52:56.524
0,12,0,3,-8,1,4,5,2020-10-09 11:52:56.640
1,10,-10,-2,11,11,-3,18,2020-10-09 11:52:56.742
2,20,6,16,-28,0,3,-2,2020-10-09 11:52:56.845
-1,7,0,-9,-8,-3,7,-18,2020-10-09 11:52:56.940
3,-4,0,10,93,12,-5,-22,2020-10-09 11:52:57.060
-2,-4,2,-2,-8,-5,4,16,2020-10-09 11:52:57.176
8,3,-1,-1,0,3,-1,11,2020-10-09 11:52:57.300
-6,-22,3,-12,-17,3,22,-27,2020-10-09 11:52:57.394
6,-8,-5,10,12,-3,-48,31,2020-10-09 11:52:57.490
0,-25,-3,-6,-9,-15,38,13,2020-10-09 11:52:57.592
-12,1,-1,-64,-128,-27,21,-65,2020-10-09 11:52:57.692
3,12,-1,30,-10,15,17,2,2020-10-09 11:52:57.808
4,-26,2,-2,-13,12,-1,12,2020-10-09 11:52:57.910
10,-23,-5,-23,-5,1,4,-26,2020-10-09 11:52:58.006
-1,-1,-4,-3,-21,-4,2,-44,2020-10-09 11:52:58.116
0,-3,-3,-13,6,10,7,-9,2020-10-09 11:52:58.216
-2,3,-2,-6,-12,6,3,-22,2020-10-09 11:52:58.310
-1,2,-6,-4,-6,5,0,-5,2020-10-09 11:52:58.422
0,6,-4,3,-1,5,0,3,2020-10-09 11:52:58.534
0,10,2,-3,-2,-2,-1,-4,2020-10-09 11:52:58.670
-1,-3,-3,-16,-19,-4,5,-15,2020-10-09 11:52:58.768
1,1,-3,-1,2,7,9,4,2020-10-09 11:52:58.865
3,4,-1,6,13,5,2,9,2020-10-09 11:52:58.975
1,2,2,7,12,-5,-20,-5,2020-10-09 11:52:59.070
-7,-4,2,3,-1,-3,-6,-2,2020-10-09 11:52:59.184
4,-5,2,3,8,0,-4,9,2020-10-09 11:52:59.280
-1,0,1,16,9,-4,0,8,2020-10-09 11:52:59.382
5,-3,0,0,5,-3,-27,21,2020-10-09 11:52:59.487
-7,-22,-7,9,23,-33,-37,14,2020-10-09 11:52:59.580
19,-1,-2,19,55,-48,-47,20,2020-10-09 11:52:59.679
-6,-2,3,-8,-17,19,11,-8,2020-10-09 11:52:59.778
-13,2,9,13,-8,7,-29,-116,2020-10-09 11:52:59.871
3,-19,1,7,2,3,8,4,2020-10-09 11:52:59.972
4,-11,1,22,19,-10,0,8,2020-10-09 11:53:00.082
-3,-10,0,8,11,-12,0,18,2020-10-09 11:53:00.204
-8,-5,7,-3,-19,-4,-9,-23,2020-10-09 11:53:00.306
3,-4,2,2,6,-7,-6,-1,2020-10-09 11:53:00.400
-5,-15,-3,6,12,-9,-3,8,2020-10-09 11:53:00.499
0,1,3,-4,2,8,9,5,2020-10-09 11:53:00.608
8,3,2,0,0,-1,6,1,2020-10-09 11:53:00.707
6,14,-4,-3,-11,-25,-22,-9,2020-10-09 11:53:00.815
-2,0,1,0,1,8,8,-1,2020-10-09 11:53:00.917
-6,-2,1,-1,0,0,-3,0,2020-10-09 11:53:01.013
5,-4,0,8,9,0,-2,3,2020-10-09 11:53:01.116
-1,-1,2,-2,-3,1,-6,-6,2020-10-09 11:53:01.213
-1,1,-3,-9,-9,3,5,-6,2020-10-09 11:53:01.309
1,-13,-3,2,8,4,1,8,2020-10-09 11:53:01.431
-2,-5,-2,-13,-11,1,1,-12,2020-10-09 11:53:01.533
-8,-5,-2,-2,-6,1,15,0,2020-10-09 11:53:01.633
-10,-3,0,17,20,2,5,33,2020-10-09 11:53:01.737
5,-3,3,7,6,12,13,13,2020-10-09 11:53:01.833
-4,13,3,2,-2,-1,-2,0,2020-10-09 11:53:01.937
-2,4,-3,-1,-9,-3,-4,-5,2020-10-09 11:53:02.031
8,13,0,-5,22,7,-11,0,2020-10-09 11:53:02.128
3,20,-6,20,-64,34,65,31,2020-10-09 11:53:02.231
4,-1,3,2,-1,0,8,12,2020-10-09 11:53:02.324
1,2,-4,4,-82,-6,0,25,2020-10-09 11:53:02.441
5,-5,2,6,10,-4,1,17,2020-10-09 11:53:02.566
0,-4,2,8,5,2,7,20,2020-10-09 11:53:02.684
-2,-17,1,-3,3,1,-2,4,2020-10-09 11:53:02.791
2,21,0,0,-2,-4,-6,-13,2020-10-09 11:53:02.900
-10,19,0,5,-7,-2,7,-14,2020-10-09 11:53:02.998
5,-2,-1,1,9,6,5,23,2020-10-09 11:53:03.101
2,1,-3,-4,-6,-5,-10,-5,2020-10-09 11:53:03.205
-1,-5,0,-1,5,-2,-4,-2,2020-10-09 11:53:03.313
3,1,3,-1,-3,1,-1,1,2020-10-09 11:53:03.419
-2,2,1,1,-2,6,6,-2,2020-10-09 11:53:03.515
0,1,4,1,2,5,11,3,2020-10-09 11:53:03.644
0,4,-5,-5,-5,-3,-7,-3,2020-10-09 11:53:03.745
-3,3,5,6,-6,1,-1,-11,2020-10-09 11:53:03.846
-2,-8,-2,5,5,-2,4,12,2020-10-09 11:53:03.956
-4,-7,0,-3,-5,5,3,0,2020-10-09 11:53:04.088
-2,5,-2,-2,5,-8,-16,2,2020-10-09 11:53:04.228
3,-7,0,5,2,6,12,4,2020-10-09 11:53:04.356
-2,5,2,4,0,-4,-6,5,2020-10-09 11:53:04.451
-1,7,-3,-3,-9,-1,1,-6,2020-10-09 11:53:04.567
3,1,-3,-5,0,-3,1,11,2020-10-09 11:53:04.668
-7,-12,2,7,4,0,0,0,2020-10-09 11:53:04.787
-2,-5,1,-1,-7,1,4,2,2020-10-09 11:53:04.897
-3,8,-1,4,8,11,6,4,2020-10-09 11:53:04.994
-1,-6,0,1,3,-10,-13,-6,2020-10-09 11:53:05.090
1,-3,1,2,-2,-1,2,1,2020-10-09 11:53:05.200
-3,-1,2,0,0,-2,3,-1,2020-10-09 11:53:05.304
3,-10,-3,5,3,-3,-6,1,2020-10-09 11:53:05.415
-1,-4,1,0,0,8,12,4,2020-10-09 11:53:05.510
1,-2,6,12,9,1,1,1,2020-10-09 11:53:05.602
3,6,-6,10,2,-5,-13,0,2020-10-09 11:53:05.709
-2,-7,0,0,8,2,3,7,2020-10-09 11:53:05.805
1,-11,5,2,-3,-8,-16,3,2020-10-09 11:53:05.912
-6,-9,3,-3,-19,-1,-7,-17,2020-10-09 11:53:06.030
4,3,2,-3,-16,-3,-7,-4,2020-10-09 11:53:06.168
7,5,3,31,5,-44,43,-26,2020-10-09 11:53:06.307
-7,-12,10,25,-3,10,6,17,2020-10-09 11:53:06.411
8,-10,5,0,-4,9,7,17,2020-10-09 11:53:06.509
-23,4,5,5,0,-8,5,-54,2020-10-09 11:53:06.613
-9,-11,1,-16,-2,-5,-12,-21,2020-10-09 11:53:06.707
-1,1,-13,12,-14,6,-107,5,2020-10-09 11:53:06.810
-30,0,-40,-128,-91,127,-128,-75,2020-10-09 11:53:06.921
13,15,2,22,-23,-11,0,-42,2020-10-09 11:53:07.039
6,-8,-2,3,7,-1,-3,19,2020-10-09 11:53:07.158
4,3,0,2,-6,-20,-61,10,2020-10-09 11:53:07.308
1,-40,127,74,127,-5,-127,81,2020-10-09 11:53:07.418
-13,-56,103,53,-66,-1,2,94,2020-10-09 11:53:07.519
-42,94,2,5,-102,11,124,-80,2020-10-09 11:53:07.624
-13,-40,49,113,-118,87,109,79,2020-10-09 11:53:07.728
15,54,-83,127,-128,-115,-32,-128,2020-10-09 11:53:07.822
100,-41,-3,-7,-103,75,-18,31,2020-10-09 11:53:07.939
127,24,14,-128,-44,63,21,82,2020-10-09 11:53:08.040
56,93,-2,-9,47,-128,-128,54,2020-10-09 11:53:08.152
17,16,-1,0,-2,25,101,7,2020-10-09 11:53:08.250
-1,-6,-1,-2,-5,-3,12,-1,2020-10-09 11:53:08.352
-20,-26,-1,2,1,-23,-52,-16,2020-10-09 11:53:08.457
17,16,0,1,-15,-36,57,23,2020-10-09 11:53:08.574
-49,21,-9,-3,4,-11,-10,31,2020-10-09 11:53:08.669
60,4,127,44,98,121,-47,80,2020-10-09 11:53:08.777
-76,-65,127,27,-53,-83,-128,7,2020-10-09 11:53:08.877
-4,-39,-3,7,3,68,-25,-8,2020-10-09 11:53:08.975
-4,-2,3,-10,-7,-59,-41,-33,2020-10-09 11:53:09.081
1,-6,-3,-35,-27,-128,4,-2,2020-10-09 11:53:09.187
-1,-3,0,25,10,97,63,3,2020-10-09 11:53:09.279
3,-1,0,-47,-33,-128,-69,-2,2020-10-09 11:53:09.385
-4,-9,-17,-21,-18,-73,-47,26,2020-10-09 11:53:09.484
14,11,-6,65,82,65,7,-4,2020-10-09 11:53:09.587
0,-6,-6,-9,-18,53,-16,8,2020-10-09 11:53:09.689
-1,-6,2,-30,-28,-79,-46,0,2020-10-09 11:53:09.780
2,3,1,3,-2,48,-10,7,2020-10-09 11:53:09.873
-2,-3,2,-21,-23,-44,-42,-7,2020-10-09 11:53:09.974
3,2,-3,10,1,42,41,2,2020-10-09 11:53:10.074
-5,-3,2,-9,-2,-61,-48,-2,2020-10-09 11:53:10.173
-26,-12,-14,-33,-35,-60,-59,0,2020-10-09 11:53:10.276
-113,70,127,-37,124,-40,-39,-74,2020-10-09 11:53:10.363
-37,49,-28,-17,37,20,22,-80,2020-10-09 11:53:10.463
-2,13,-6,31,22,104,120,-8,2020-10-09 11:53:10.551
14,14,-3,27,13,59,12,-8,2020-10-09 11:53:10.637
-18,12,6,17,21,63,79,-23,2020-10-09 11:53:10.733
-25,-19,-4,-26,-17,-55,-45,8,2020-10-09 11:53:10.822
13,12,-4,26,12,74,67,58,2020-10-09 11:53:10.913
95,8,1,3,-13,-104,-50,-7,2020-10-09 11:53:11.012
-75,-5,1,39,52,-52,117,-82,2020-10-09 11:53:11.102
27,-25,29,26,11,-2,-58,-43,2020-10-09 11:53:11.192
12,36,127,-128,-128,96,29,-124,2020-10-09 11:53:11.293
-19,22,-128,27,99,-12,93,-6,2020-10-09 11:53:11.380
6,6,-54,66,-128,-128,-86,41,2020-10-09 11:53:11.473
122,127,127,-79,-102,-128,35,23,2020-10-09 11:53:11.569
92,-65,48,-128,22,106,-26,113,2020-10-09 11:53:11.660
4,96,63,-6,-7,29,-63,-1,2020-10-09 11:53:11.748
-4,-65,-89,0,1,-101,1,-35,2020-10-09 11:53:11.846
-123,4,127,115,113,120,84,81,2020-10-09 11:53:11.939
102,-105,122,120,35,-64,-116,16,2020-10-09 11:53:12.032
5,5,-128,-32,-113,-43,16,-32,2020-10-09 11:53:12.132
6,-19,-31,-73,-114,-128,-45,-62,2020-10-09 11:53:12.221
82,-13,11,-117,-41,73,65,-10,2020-10-09 11:53:12.309
10,29,-76,-62,-128,14,68,18,2020-10-09 11:53:12.409
20,-34,7,-63,-17,-39,16,61,2020-10-09 11:53:12.501
-14,-128,-61,-63,-96,64,-64,111,2020-10-09 11:53:12.590
-2,121,-22,-4,-25,-69,-115,63,2020-10-09 11:53:12.687
6,67,-15,35,-4,22,-62,71,2020-10-09 11:53:12.774
56,84,101,127,109,60,79,99,2020-10-09 11:53:12.862
-120,-73,18,59,-69,-25,-86,-18,2020-10-09 11:53:12.959
-52,54,125,94,22,28,-128,-60,2020-10-09 11:53:13.048
35,-96,-30,2,15,12,57,101,2020-10-09 11:53:13.139
24,40,-42,-22,0,-3,-106,-100,2020-10-09 11:53:13.235
84,-30,11,14,-18,-88,-113,127,2020-10-09 11:53:13.325
-12,17,-45,102,86,-76,-46,-24,2020-10-09 11:53:13.435
20,10,-12,-34,-17,14,74,-68,2020-10-09 11:53:13.573
-25,-5,35,-69,-3,23,-128,127,2020-10-09 11:53:13.676
-98,47,127,14,0,-1,-81,-105,2020-10-09 11:53:13.772
-34,-37,37,-4,-1,-3,-7,-128,2020-10-09 11:53:13.871
16,-9,84,63,-43,65,42,87,2020-10-09 11:53:13.967
57,-23,13,-12,-7,3,-105,2,2020-10-09 11:53:14.061
13,4,-8,-1,-5,22,6,33,2020-10-09 11:53:14.175
-10,7,8,-32,-2,-4,-41,2,2020-10-09 11:53:14.274
-24,-57,-62,86,-122,69,107,26,2020-10-09 11:53:14.368
-128,-128,79,82,87,127,127,-128,2020-10-09 11:53:14.476
22,20,127,-53,-80,-128,-34,113,2020-10-09 11:53:14.576
95,83,-110,-58,26,73,59,-80,2020-10-09 11:53:14.674
44,-2,7,-41,-46,6,50,47,2020-10-09 11:53:14.776
-5,51,11,-15,7,-6,-93,-128,2020-10-09 11:53:14.877
-2,-29,3,-29,6,44,110,-38,2020-10-09 11:53:14.981
-3,31,127,-36,58,-47,13,109,2020-10-09 11:53:15.091
10,-15,109,7,-74,48,100,-111,2020-10-09 11:53:15.189
-17,49,-10,-10,-63,-70,0,95,2020-10-09 11:53:15.303
127,42,25,119,-59,75,-5,-127,2020-10-09 11:53:15.405
127,103,54,5,-77,14,14,-50,2020-10-09 11:53:15.512
-8,-9,-2,8,8,-8,9,-15,2020-10-09 11:53:15.622
1,-1,4,3,2,-4,27,-7,2020-10-09 11:53:15.736
0,1,1,0,-1,17,19,-1,2020-10-09 11:53:15.836
-7,-1,-6,7,0,-6,3,9,2020-10-09 11:53:15.930
38,35,65,-29,-19,-18,-97,127,2020-10-09 11:53:16.041
9,4,36,57,32,28,16,53,2020-10-09 11:53:16.147
-88,-57,66,-82,80,-26,127,127,2020-10-09 11:53:16.245
33,-58,23,-43,-56,-59,-128,-41,2020-10-09 11:53:16.349
-87,-32,67,107,112,18,111,-57,2020-10-09 11:53:16.442
4,11,-8,-2,-5,-96,-81,-128,2020-10-09 11:53:16.555
32,126,22,-97,-32,-83,-128,22,2020-10-09 11:53:16.661
87,-16,-6,77,-12,78,37,-81,2020-10-09 11:53:16.758
15,111,-120,126,3,1,120,-28,2020-10-09 11:53:16.854
-92,-92,90,-24,26,68,-75,-96,2020-10-09 11:53:16.969
-126,-128,-6,87,-99,-53,96,41,2020-10-09 11:53:17.077
-20,-121,9,-40,56,-39,7,64,2020-10-09 11:53:17.193
-63,-69,-6,0,-4,25,-29,0,2020-10-09 11:53:17.286
-21,49,-13,79,110,8,122,-22,2020-10-09 11:53:17.390
-16,-21,95,-8,93,-16,53,83,2020-10-09 11:53:17.489
1,39,16,58,54,55,82,-52,2020-10-09 11:53:17.598
5,14,-8,-95,6,14,0,13,2020-10-09 11:53:17.707
9,3,-57,67,-17,13,-5,-95,2020-10-09 11:53:17.810
10,24,60,44,-62,127,101,50,2020-10-09 11:53:17.928
-2,3,8,6,51,37,-3,-2,2020-10-09 11:53:18.040
3,4,3,40,31,-118,0,1,2020-10-09 11:53:18.147
-11,-4,-29,45,34,-22,54,-18,2020-10-09 11:53:18.252
17,-4,46,-81,127,20,-82,-50,2020-10-09 11:53:18.358
-17,-4,-31,55,-89,-45,-15,-29,2020-10-09 11:53:18.454
-3,68,-126,-13,-36,-31,88,-90,2020-10-09 11:53:18.565
98,125,21,95,-37,5,-44,-37,2020-10-09 11:53:18.683
-1,-6,-4,12,-90,-13,-64,-22,2020-10-09 11:53:18.788
2,4,8,-2,1,-8,-5,7,2020-10-09 11:53:18.895
-3,-3,0,3,2,2,6,-10,2020-10-09 11:53:18.989
-1,-5,-8,1,0,1,-3,2,2020-10-09 11:53:19.103
-2,1,1,2,4,2,0,-2,2020-10-09 11:53:19.204
-3,-8,-7,4,-50,7,0,3,2020-10-09 11:53:19.308
6,-41,-3,-65,-111,-3,1,-3,2020-10-09 11:53:19.408
-109,94,71,114,107,23,75,-80,2020-10-09 11:53:19.505
105,-128,-92,43,-80,-46,70,-41,2020-10-09 11:53:19.599
25,47,-28,-97,-58,-58,-63,-5,2020-10-09 11:53:19.709
80,-84,-128,-32,-80,-128,-120,-91,2020-10-09 11:53:19.807
84,-128,-124,-128,-103,-115,-128,62,2020-10-09 11:53:19.905
3,3,-15,-19,-11,43,-5,-45,2020-10-09 11:53:20.004
-33,11,10,-10,-38,2,64,-107,2020-10-09 11:53:20.111
37,2,3,-1,-128,-2,25,45,2020-10-09 11:53:20.226
-27,2,-4,-18,-67,-3,-4,55,2020-10-09 11:53:20.336
-5,-2,-4,-9,-9,-1,-9,-31,2020-10-09 11:53:20.436
4,1,-3,3,-4,0,2,-2,2020-10-09 11:53:20.536
-126,-117,-43,-38,7,103,8,110,2020-10-09 11:53:20.634
-41,126,8,11,4,29,8,-83,2020-10-09 11:53:20.734
76,2,0,-4,-1,0,0,6,2020-10-09 11:53:20.826
99,-2,0,90,0,-17,1,0,2020-10-09 11:53:20.923
111,-128,-123,-94,-107,-51,-55,88,2020-10-09 11:53:21.022
-26,83,71,127,127,-125,-44,-125,2020-10-09 11:53:21.114
-14,-33,-8,-81,12,21,37,13,2020-10-09 11:53:21.210
79,-7,-5,40,3,-39,-1,-12,2020-10-09 11:53:21.311
93,7,7,6,115,-25,-12,21,2020-10-09 11:53:21.408
0,-6,0,-22,-40,-5,1,-14,2020-10-09 11:53:21.504
-36,-2,4,-7,16,31,-35,7,2020-10-09 11:53:21.605
53,10,7,7,-12,1,-2,-87,2020-10-09 11:53:21.716
36,-1,0,2,10,0,2,-13,2020-10-09 11:53:21.808
0,1,7,-6,5,-2,1,-2,2020-10-09 11:53:21.911
1,6,-40,-39,-29,2,0,4,2020-10-09 11:53:22.012
-41,-6,-6,-3,7,-2,1,-4,2020-10-09 11:53:22.106
-86,19,-25,-60,-29,-6,-1,-84,2020-10-09 11:53:22.211
-85,-84,122,107,110,104,127,127,2020-10-09 11:53:22.322
-36,52,-93,-5,-72,-70,72,79,2020-10-09 11:53:22.423
127,127,-128,-4,-82,-104,-38,-11,2020-10-09 11:53:22.529
-103,-27,34,37,15,70,36,9,2020-10-09 11:53:22.637
112,-6,-86,-32,-16,-49,-63,-1,2020-10-09 11:53:22.743
-37,12,5,-39,69,16,19,5,2020-10-09 11:53:22.836
-8,-13,-14,47,39,-6,0,-116,2020-10-09 11:53:22.943
24,-3,-5,-33,-25,6,0,-69,2020-10-09 11:53:23.049
-14,-18,5,-72,-36,13,85,-10,2020-10-09 11:53:23.152
-27,48,19,-15,16,-47,-23,6,2020-10-09 11:53:23.270
-36,52,29,-20,-35,-21,-16,8,2020-10-09 11:53:23.371
101,-113,96,-27,-53,1,15,8,2020-10-09 11:53:23.469
23,-48,-84,13,32,-4,56,-3,2020-10-09 11:53:23.569
3,0,-15,-24,-23,3,-8,-3,2020-10-09 11:53:23.668
-1,-2,-1,14,31,-28,8,-1,2020-10-09 11:53:23.767
-1,9,-3,-57,10,28,10,-1,2020-10-09 11:53:23.866
-14,28,15,-8,81,30,34,10,2020-10-09 11:53:23.963
-6,-1,-8,19,-98,2,17,-8,2020-10-09 11:53:24.068
-5,0,10,16,-12,6,9,0,2020-10-09 11:53:24.176
-2,-1,-8,-5,2,1,-2,2,2020-10-09 11:53:24.288
-5,-4,0,3,-5,-3,0,-5,2020-10-09 11:53:24.391
2,-4,-14,-10,-4,-1,1,-19,2020-10-09 11:53:24.496
2,2,0,1,-5,1,0,5,2020-10-09 11:53:24.617
-4,-4,1,1,-2,-4,-2,-4,2020-10-09 11:53:24.742
5,2,-4,-5,-3,-3,2,-1,2020-10-09 11:53:24.836
6,4,4,-1,-4,3,0,5,2020-10-09 11:53:24.942
3,4,0,5,0,0,-1,0,2020-10-09 11:53:25.051
-5,-3,-6,4,2,0,-3,-6,2020-10-09 11:53:25.167
0,1,-1,-1,0,1,-2,0,2020-10-09 11:53:25.276
2,0,-11,-1,-3,0,1,1,2020-10-09 11:53:25.381
1,0,7,0,-2,-2,3,4,2020-10-09 11:53:25.495
-3,-2,-8,0,-4,1,-2,-4,2020-10-09 11:53:25.596
-6,-3,0,-9,-2,-1,-3,0,2020-10-09 11:53:25.691
1,-4,-1,0,-1,0,2,0,2020-10-09 11:53:25.793
6,2,7,-2,1,0,2,1,2020-10-09 11:53:25.943
-2,-3,-2,2,-2,-1,0,0,2020-10-09 11:53:26.050
2,-1,-4,-3,0,-1,-1,5,2020-10-09 11:53:26.175
1,-2,-3,-2,-3,1,-2,1,2020-10-09 11:53:26.279
-5,-1,3,2,-3,1,-3,0,2020-10-09 11:53:26.408
3,-6,-6,-2,2,1,-4,14,2020-10-09 11:53:26.524
2,-6,-5,1,-3,-3,1,5,2020-10-09 11:53:26.625
-1,0,-2,3,0,-1,-7,-3,2020-10-09 11:53:26.725
-4,-6,-1,2,-1,1,-1,-4,2020-10-09 11:53:26.831
-4,-5,-5,1,-1,-1,-4,-5,2020-10-09 11:53:26.943
-6,-2,-3,0,-1,-1,-3,-5,2020-10-09 11:53:27.059
4,3,-1,-7,3,1,-1,0,2020-10-09 11:53:27.163
-3,1,5,5,-1,-1,-2,-1,2020-10-09 11:53:27.298
-3,-3,-4,1,-1,-1,-1,-1,2020-10-09 11:53:27.399
-3,-23,-13,1,2,-3,2,1,2020-10-09 11:53:27.514
-8,-7,-8,-3,6,-4,-9,-9,2020-10-09 11:53:27.613
-7,-2,21,3,-5,-6,-24,-16,2020-10-09 11:53:27.717
-128,-64,49,-38,26,-32,26,-20,2020-10-09 11:53:27.850
-53,80,-83,-5,-65,-23,-117,-51,2020-10-09 11:53:27.950
-7,45,-70,-32,45,7,63,39,2020-10-09 11:53:28.044
8,4,7,-2,-15,-8,25,17,2020-10-09 11:53:28.155
-20,-27,-3,-8,6,6,-15,-8,2020-10-09 11:53:28.274
-11,-27,-29,-3,31,0,-11,-10,2020-10-09 11:53:28.395
0,4,6,1,-11,1,4,4,2020-10-09 11:53:28.501
-6,-5,-4,-3,1,0,0,-3,2020-10-09 11:53:28.634
2,2,-3,1,10,0,-1,2,2020-10-09 11:53:28.735
12,14,7,-5,-7,1,-1,3,2020-10-09 11:53:28.843
6,12,14,4,0,-1,0,5,2020-10-09 11:53:28.959
-32,34,-6,-8,-83,-8,-10,-30,2020-10-09 11:53:29.061
7,6,4,8,1,-3,1,-2,2020-10-09 11:53:29.165
7,1,3,-1,-25,1,1,13,2020-10-09 11:53:29.277
6,14,0,-3,-19,-32,4,13,2020-10-09 11:53:29.396
-10,-20,5,-32,-114,-32,-3,-16,2020-10-09 11:53:29.498
-9,-71,-128,13,88,-46,109,-10,2020-10-09 11:53:29.593
3,-128,-45,-34,-56,16,17,74,2020-10-09 11:53:29.709
11,-128,-44,-40,-30,21,-3,-4,2020-10-09 11:53:29.831
-11,117,-5,43,30,-4,-6,1,2020-10-09 11:53:29.928
-1,-5,7,6,22,0,0,0,2020-10-09 11:53:30.032
-1,-4,0,6,-46,-2,2,-4,2020-10-09 11:53:30.148
-11,120,12,-100,-14,10,-4,-1,2020-10-09 11:53:30.276
5,-68,53,127,98,-2,3,-8,2020-10-09 11:53:30.371
-53,-45,-5,85,-122,-1,57,21,2020-10-09 11:53:30.470
127,-128,-2,-59,-19,-5,-34,-78,2020-10-09 11:53:30.574
122,-17,-58,106,12,-17,-64,33,2020-10-09 11:53:30.672
67,114,-71,-8,127,35,-34,-66,2020-10-09 11:53:30.785
62,-40,-114,32,-120,-14,-112,127,2020-10-09 11:53:30.879
-122,-128,-10,-50,29,40,46,54,2020-10-09 11:53:30.992
-7,-78,-109,-55,68,-1,127,8,2020-10-09 11:53:31.128
9,45,-43,12,10,24,17,-18,2020-10-09 11:53:31.264
3,4,-1,0,0,-20,4,-4,2020-10-09 11:53:31.384
-1,-4,-14,-14,-4,-48,-12,0,2020-10-09 11:53:31.490
3,5,12,18,1,16,1,-2,2020-10-09 11:53:31.596
-10,-10,-4,-7,-1,6,21,6,2020-10-09 11:53:31.691
-3,1,-1,-18,-2,111,-90,-3,2020-10-09 11:53:31.796
4,-1,1,6,-4,123,54,8,2020-10-09 11:53:31.898
-1,-6,13,-80,2,2,-25,-5,2020-10-09 11:53:31.997
1,4,2,9,9,2,7,-2,2020-10-09 11:53:32.099
12,15,-56,-52,25,16,72,22,2020-10-09 11:53:32.198
-2,1,-8,29,2,-2,-6,1,2020-10-09 11:53:32.293
-6,1,-4,0,2,-1,-3,4,2020-10-09 11:53:32.391
-10,-8,5,-27,1,-6,-7,-15,2020-10-09 11:53:32.498
-3,-9,-11,8,-3,1,-2,16,2020-10-09 11:53:32.590
-9,-10,-10,5,-6,0,-4,-21,2020-10-09 11:53:32.684
1,9,-17,-5,6,-3,-1,-3,2020-10-09 11:53:32.780
2,3,-6,2,-1,3,1,4,2020-10-09 11:53:32.893
1,8,0,-3,-8,-5,0,1,2020-10-09 11:53:32.989
8,2,-13,-72,-9,7,3,15,2020-10-09 11:53:33.083
-4,-3,-4,-4,20,2,0,-4,2020-10-09 11:53:33.180
-17,-9,-13,105,62,-10,4,-23,2020-10-09 11:53:33.287
6,7,2,-3,6,1,-3,3,2020-10-09 11:53:33.402
11,-3,-6,-1,-14,-8,-1,10,2020-10-09 11:53:33.512
0,5,3,2,-10,-7,-5,-3,2020-10-09 11:53:33.616
9,3,-1,-7,6,-3,4,3,2020-10-09 11:53:33.717
18,3,-58,127,-6,0,3,-9,2020-10-09 11:53:33.816
12,4,-2,110,16,18,6,5,2020-10-09 11:53:33.913
-4,6,68,-103,-100,30,73,78,2020-10-09 11:53:34.014
-36,-23,-48,127,127,-31,19,-71,2020-10-09 11:53:34.114
-15,1,-7,18,13,2,8,-12,2020-10-09 11:53:34.214
2,7,-3,12,-2,-4,1,-6,2020-10-09 11:53:34.316
0,-2,1,1,1,-4,-3,1,2020-10-09 11:53:34.419
11,3,-20,-92,-54,11,8,27,2020-10-09 11:53:34.528
2,0,-84,-8,7,2,4,5,2020-10-09 11:53:34.622
-7,-5,1,-7,-2,-4,-3,-4,2020-10-09 11:53:34.737
5,5,1,-2,0,1,-4,1,2020-10-09 11:53:34.852
1,4,13,-2,1,-2,-3,-4,2020-10-09 11:53:34.960
7,0,4,2,1,0,3,3,2020-10-09 11:53:35.063
-5,-10,-9,-3,-1,-2,-5,-5,2020-10-09 11:53:35.169
-5,-10,-15,88,18,-5,-4,-6,2020-10-09 11:53:35.262
-17,-10,-14,127,108,-11,-9,-24,2020-10-09 11:53:35.359
9,0,-11,10,2,1,4,7,2020-10-09 11:53:35.454
1,-2,-6,-13,-43,-2,0,-3,2020-10-09 11:53:35.568
-12,-5,-2,1,-7,-2,0,-4,2020-10-09 11:53:35.668
0,-2,3,-1,3,0,-1,-1,2020-10-09 11:53:35.764
7,20,-5,3,3,-1,-1,-1,2020-10-09 11:53:35.861
-3,-3,-9,-5,-1,0,10,0,2020-10-09 11:53:35.974
1,-5,-9,-2,1,-1,4,-6,2020-10-09 11:53:36.069
1,-1,-6,-2,0,-4,-1,-2,2020-10-09 11:53:36.168
-3,-7,-2,-2,-3,2,11,0,2020-10-09 11:53:36.279
-1,0,-2,2,-2,-4,-13,2,2020-10-09 11:53:36.392
-2,1,-1,1,-1,-1,-5,-2,2020-10-09 11:53:36.497
-2,1,-2,0,-3,-1,-7,3,2020-10-09 11:53:36.599
0,5,-3,-3,0,-1,1,-1,2020-10-09 11:53:36.705
-2,-11,-7,-2,1,0,-1,-1,2020-10-09 11:53:36.799
1,6,5,0,1,1,1,-2,2020-10-09 11:53:36.899
4,3,-15,0,0,-1,3,3,2020-10-09 11:53:36.995
0,8,4,-1,-1,0,-1,-1,2020-10-09 11:53:37.105
-2,-7,-2,-3,1,-2,-1,0,2020-10-09 11:53:37.208
2,0,2,-3,1,1,1,1,2020-10-09 11:53:37.304
3,4,3,-2,1,1,5,2,2020-10-09 11:53:37.407
1,-4,-2,-1,-1,-2,1,2,2020-10-09 11:53:37.522
0,-1,2,0,-3,-3,-2,1,2020-10-09 11:53:37.619
-1,4,14,3,0,0,-3,-5,2020-10-09 11:53:37.710
-1,1,2,0,0,-1,1,1,2020-10-09 11:53:37.804
-6,-7,-12,-3,-3,-3,-7,-9,2020-10-09 11:53:37.908
1,0,0,0,1,3,10,0,2020-10-09 11:53:38.013
3,-1,0,0,-2,-1,-4,5,2020-10-09 11:53:38.108
-2,-6,-5,-7,-4,-3,-4,0,2020-10-09 11:53:38.204
-2,-10,-19,-4,0,-4,-2,-4,2020-10-09 11:53:38.304
-4,-3,-6,-4,-2,-1,0,-2,2020-10-09 11:53:38.402
-1,-6,-12,-4,-2,2,4,-2,2020-10-09 11:53:38.501
3,19,11,2,1,1,-1,1,2020-10-09 11:53:38.600
-4,2,2,-1,-1,-1,2,-4,2020-10-09 11:53:38.706
-2,0,4,-3,2,-1,-2,1,2020-10-09 11:53:38.803
3,5,4,3,-2,0,2,-1,2020-10-09 11:53:38.901
-1,-1,3,-2,-1,-1,-1,-1,2020-10-09 11:53:39.013
3,7,7,3,0,-2,0,1,2020-10-09 11:53:39.115
-2,-5,-7,-1,-2,-3,-4,-2,2020-10-09 11:53:39.211
2,-2,-2,1,2,0,1,0,2020-10-09 11:53:39.310
1,-4,1,5,2,1,1,1,2020-10-09 11:53:39.417
-2,-7,-9,-1,-2,-1,-1,-1,2020-10-09 11:53:39.521
-5,-11,-17,-2,-1,-2,-3,-1,2020-10-09 11:53:39.621
-1,-5,-9,-4,-4,-2,-2,0,2020-10-09 11:53:39.729
-3,-6,-7,-4,-2,-3,-3,-1,2020-10-09 11:53:39.835
-1,0,11,-1,0,-3,-2,-1,2020-10-09 11:53:39.936
1,-2,-9,-2,-1,0,-1,0,2020-10-09 11:53:40.032
-2,-4,-3,-3,-1,-2,2,-1,2020-10-09 11:53:40.130
-1,-3,-2,-5,-1,3,2,3,2020-10-09 11:53:40.253
-1,-4,-6,0,-2,1,1,-2,2020-10-09 11:53:40.360
-1,8,8,-2,-2,0,-3,-4,2020-10-09 11:53:40.468
-1,3,5,1,-2,1,-1,0,2020-10-09 11:53:40.584
2,-3,-3,-2,-3,1,1,3,2020-10-09 11:53:40.699
0,1,4,-1,-2,0,1,2,2020-10-09 11:53:40.805
-1,-8,-9,-4,0,2,-3,0,2020-10-09 11:53:40.913
-6,-11,-21,-3,-3,-2,-2,-7,2020-10-09 11:53:41.016
1,1,1,-1,2,0,0,1,2020-10-09 11:53:41.134
-2,-2,-11,-4,0,0,4,0,2020-10-09 11:53:41.253
-3,-5,1,-1,-4,-3,7,4,2020-10-09 11:53:41.359
1,8,-6,0,1,2,6,3,2020-10-09 11:53:41.462
